"","Pollster","Start.Date","End.Date","Entry.Date.Time","Number.of.Observations","Population","Mode","Clinton","Sanders","Biden","Chafee","Lessig","O.Malley","Webb","Undecided","Pollster.URL","Source.URL","Partisan","Affiliation","Poll.Length","DOW","Weekday","Month","MonthName","Quarter","Year"
"1","FOX",2016-02-15,2016-02-17,2016-02-18 23:08:04,429,"Likely Voters - Democrat","Live Phone",44,47,NA,NA,NA,NA,NA,7,"http://elections.huffingtonpost.com/pollster/polls/fox-23803",NA,"Nonpartisan","None",2,"1","Monday","02","February",1,"2016"
"2","Ipsos/Reuters",2016-02-13,2016-02-17,2016-02-18 20:15:27,543,"Registered Voters - Democrat","Internet",53,42,NA,NA,NA,NA,NA,5,"http://elections.huffingtonpost.com/pollster/polls/ipsos-reuters-23799",NA,"Nonpartisan","None",4,"6","Saturday","02","February",1,"2016"
"3","Morning Consult",2016-02-15,2016-02-16,2016-02-17 11:44:02,829,"Registered Voters - Democrat","Internet",47,39,NA,NA,NA,NA,NA,9,"http://elections.huffingtonpost.com/pollster/polls/morning-consult-23766",NA,"Nonpartisan","None",1,"1","Monday","02","February",1,"2016"
"4","NBC/WSJ",2016-02-14,2016-02-16,2016-02-18 22:10:10,400,"Likely Voters - Democrat","Live Phone",53,42,NA,NA,NA,NA,NA,5,"http://elections.huffingtonpost.com/pollster/polls/nbc-wsj-23801",NA,"Pollster","Dem",2,"0","Sunday","02","February",1,"2016"
"5","CBS",2016-02-12,2016-02-16,2016-02-19 15:45:12,264,"Likely Voters - Democrat","Live Phone",47,39,NA,NA,NA,NA,NA,10,"http://elections.huffingtonpost.com/pollster/polls/cbs-23809",NA,"Nonpartisan","None",4,"5","Friday","02","February",1,"2016"
"6","Suffolk/USA Today",2016-02-11,2016-02-15,2016-02-17 17:22:40,319,"Likely Voters - Democrat","Live Phone",50,40,NA,NA,NA,NA,NA,10,"http://elections.huffingtonpost.com/pollster/polls/suffolk-usa-today-23779",NA,"Nonpartisan","None",4,"4","Thursday","02","February",1,"2016"
"7","YouGov/Economist",2016-02-11,2016-02-15,2016-02-18 16:28:27,527,"Likely Voters - Democrat","Internet",53,39,NA,NA,NA,NA,NA,6,"http://elections.huffingtonpost.com/pollster/polls/yougov-economist-23794",NA,"Nonpartisan","None",4,"4","Thursday","02","February",1,"2016"
"8","Quinnipiac",2016-02-10,2016-02-15,2016-02-17 11:36:57,563,"Registered Voters - Democrat","Live Phone",44,42,NA,NA,NA,NA,NA,13,"http://elections.huffingtonpost.com/pollster/polls/quinnipiac-23765",NA,"Nonpartisan","None",5,"3","Wednesday","02","February",1,"2016"
"9","NBC/SurveyMonkey",2016-02-08,2016-02-14,2016-02-16 12:55:27,3847,"Registered Voters - Democrat","Internet",50,40,NA,NA,NA,NA,NA,9,"http://elections.huffingtonpost.com/pollster/polls/nbc-surveymonkey-23756",NA,"Nonpartisan","None",6,"1","Monday","02","February",1,"2016"
"10","Morning Consult",2016-02-10,2016-02-11,2016-02-12 15:34:31,811,"Registered Voters - Democrat","Internet",46,39,NA,NA,NA,NA,NA,7,"http://elections.huffingtonpost.com/pollster/polls/morning-consult-23744",NA,"Nonpartisan","None",1,"3","Wednesday","02","February",1,"2016"
"11","Ipsos/Reuters",2016-02-06,2016-02-10,2016-02-11 16:07:52,600,"Registered Voters - Democrat","Internet",55,43,NA,NA,NA,NA,NA,3,"http://elections.huffingtonpost.com/pollster/polls/ipsos-reuters-23740",NA,"Nonpartisan","None",4,"6","Saturday","02","February",1,"2016"
"12","Morning Consult",2016-02-03,2016-02-07,2016-02-09 22:39:37,1988,"Registered Voters - Democrat","Internet",50,37,NA,NA,NA,NA,NA,8,"http://elections.huffingtonpost.com/pollster/polls/morning-consult-23731",NA,"Nonpartisan","None",4,"3","Wednesday","02","February",1,"2016"
"13","NBC/SurveyMonkey",2016-02-01,2016-02-07,2016-02-10 16:02:26,3154,"Registered Voters - Democrat","Internet",51,39,NA,NA,NA,1,NA,8,"http://elections.huffingtonpost.com/pollster/polls/nbc-surveymonkey-23733",NA,"Nonpartisan","None",6,"1","Monday","02","February",1,"2016"
"14","Rasmussen",2016-02-03,2016-02-04,2016-02-07 16:02:26,574,"Likely Voters - Democrat","Automated Phone",50,32,NA,NA,NA,NA,NA,6,"http://elections.huffingtonpost.com/pollster/polls/rasmussen-23698",NA,"Nonpartisan","None",1,"3","Wednesday","02","February",1,"2016"
"15","Quinnipiac",2016-02-02,2016-02-04,2016-02-05 12:41:40,484,"Registered Voters - Democrat","Live Phone",44,42,NA,NA,NA,NA,NA,13,"http://elections.huffingtonpost.com/pollster/polls/quinnipiac-23675",NA,"Nonpartisan","None",2,"2","Tuesday","02","February",1,"2016"
"16","Morning Consult",2016-02-02,2016-02-03,2016-02-03 19:49:33,719,"Registered Voters","Internet",51,35,NA,NA,NA,NA,NA,8,"http://elections.huffingtonpost.com/pollster/polls/morning-consult-23659",NA,"Nonpartisan","None",1,"2","Tuesday","02","February",1,"2016"
"17","PPP (D)",2016-02-02,2016-02-03,2016-02-04 15:36:54,517,"Likely Voters - Democrat","IVR/Online",53,32,NA,NA,NA,NA,NA,14,"http://elections.huffingtonpost.com/pollster/polls/ppp-d-23664",NA,"Pollster","Dem",1,"2","Tuesday","02","February",1,"2016"
"18","Ipsos/Reuters",2016-01-30,2016-02-03,2016-02-04 16:16:33,619,"Registered Voters - Democrat","Internet",54,39,NA,NA,NA,2,NA,5,"http://elections.huffingtonpost.com/pollster/polls/ipsos-reuters-23665",NA,"Nonpartisan","None",4,"6","Saturday","01","January",1,"2016"
"19","Morning Consult",2016-01-29,2016-02-01,2016-02-01 21:20:47,1928,"Registered Voters - Democrat","Internet",50,34,NA,NA,NA,3,NA,9,"http://elections.huffingtonpost.com/pollster/polls/morning-consult-23648",NA,"Nonpartisan","None",3,"5","Friday","01","January",1,"2016"
"20","NBC/SurveyMonkey",2016-01-25,2016-01-31,2016-02-04 20:42:44,3233,"Registered Voters - Democrat","Internet",50,39,NA,NA,NA,2,NA,8,"http://elections.huffingtonpost.com/pollster/polls/nbc-surveymonkey-23669",NA,"Nonpartisan","None",6,"1","Monday","01","January",1,"2016"
"21","YouGov/Economist",2016-01-27,2016-01-30,2016-01-31 20:16:38,531,"Likely Voters - Democrat","Internet",52,40,NA,NA,NA,2,NA,NA,"http://elections.huffingtonpost.com/pollster/polls/yougov-economist-23634",NA,"Nonpartisan","None",3,"3","Wednesday","01","January",1,"2016"
"22","IBD/TIPP",2016-01-22,2016-01-27,2016-01-28 20:46:50,349,"Registered Voters - Democrat","Live Phone",50,38,NA,NA,NA,2,NA,5,"http://elections.huffingtonpost.com/pollster/polls/ibd-tipp-23624",NA,"Nonpartisan","None",5,"5","Friday","01","January",1,"2016"
"23","ABC/Post",2016-01-21,2016-01-24,2016-01-27 12:20:22,406,"Registered Voters - Democrat","Live Phone",55,36,NA,NA,NA,4,NA,3,"http://elections.huffingtonpost.com/pollster/polls/abc-post-23602",NA,"Nonpartisan","None",3,"4","Thursday","01","January",1,"2016"
"24","Morning Consult",2016-01-21,2016-01-24,2016-01-26 20:19:29,1797,"Registered Voters - Democrat","Internet",48,31,NA,NA,NA,2,NA,12,"http://elections.huffingtonpost.com/pollster/polls/morning-consult-23600",NA,"Nonpartisan","None",3,"4","Thursday","01","January",1,"2016"
"25","CNN",2016-01-21,2016-01-24,2016-01-26 00:28:17,440,"Registered Voters - Democrat","Live Phone",52,38,NA,NA,NA,2,NA,2,"http://elections.huffingtonpost.com/pollster/polls/cnn-23589",NA,"Nonpartisan","None",3,"4","Thursday","01","January",1,"2016"
"26","Public Religion Research Institute",2016-01-20,2016-01-24,2016-01-28 00:32:10,463,"Adults - Democrat","Live Phone",51,33,NA,NA,NA,3,NA,11,"http://elections.huffingtonpost.com/pollster/polls/public-religion-research-institute-23613",NA,"Nonpartisan","None",4,"3","Wednesday","01","January",1,"2016"
"27","NBC/SurveyMonkey",2016-01-18,2016-01-24,2016-01-26 20:10:37,2780,"Registered Voters - Democrat","Internet",51,37,NA,NA,NA,2,NA,1,"http://elections.huffingtonpost.com/pollster/polls/nbc-surveymonkey-23599",NA,"Nonpartisan","None",6,"1","Monday","01","January",1,"2016"
"28","FOX",2016-01-18,2016-01-21,2016-01-25 23:21:24,375,"Likely Voters - Democrat","Live Phone",49,37,NA,NA,NA,1,NA,10,"http://elections.huffingtonpost.com/pollster/polls/fox-23588",NA,"Nonpartisan","None",3,"1","Monday","01","January",1,"2016"
"29","Zogby (Internet)",2016-01-19,2016-01-20,2016-01-24 22:21:57,373,"Likely Voters - Democrat","Internet",49,27,NA,NA,NA,10,NA,14,"http://elections.huffingtonpost.com/pollster/polls/zogby-internet-23575",NA,"Nonpartisan","None",1,"2","Tuesday","01","January",1,"2016"
"30","Ipsos/Reuters",2016-01-16,2016-01-20,2016-01-21 15:54:49,629,"Adults - Democrat","Internet",54,35,NA,NA,NA,4,NA,7,"http://elections.huffingtonpost.com/pollster/polls/ipsos-reuters-23542",NA,"Nonpartisan","None",4,"6","Saturday","01","January",1,"2016"
"31","YouGov/Economist",2016-01-15,2016-01-19,2016-01-21 13:23:27,533,"Likely Voters - Democrat","Internet",50,41,NA,NA,NA,2,NA,5,"http://elections.huffingtonpost.com/pollster/polls/yougov-economist-23539",NA,"Nonpartisan","None",4,"5","Friday","01","January",1,"2016"
"32","Monmouth University",2016-01-15,2016-01-18,2016-01-19 17:15:25,352,"Registered Voters - Democrat","Live Phone",52,37,NA,NA,NA,2,NA,8,"http://elections.huffingtonpost.com/pollster/polls/monmouth-university-23523",NA,"Nonpartisan","None",3,"5","Friday","01","January",1,"2016"
"33","Morning Consult",2016-01-14,2016-01-17,2016-01-19 19:11:34,1805,"Registered Voters - Democrat","Internet",54,30,NA,NA,NA,2,NA,10,"http://elections.huffingtonpost.com/pollster/polls/morning-consult-23526",NA,"Nonpartisan","None",3,"4","Thursday","01","January",1,"2016"
"34","NBC/SurveyMonkey",2016-01-11,2016-01-17,2016-01-19 18:44:51,3259,"Registered Voters - Democrat","Internet",52,36,NA,NA,NA,1,NA,9,"http://elections.huffingtonpost.com/pollster/polls/nbc-surveymonkey-23524",NA,"Nonpartisan","None",6,"1","Monday","01","January",1,"2016"
"35","Ipsos/Reuters",2016-01-09,2016-01-13,2016-01-14 16:55:11,696,"Adults - Democrat","Internet",54,35,NA,NA,NA,4,NA,8,"http://elections.huffingtonpost.com/pollster/polls/ipsos-reuters-23501",NA,"Nonpartisan","None",4,"6","Saturday","01","January",1,"2016"
"36","NBC/WSJ",2016-01-09,2016-01-13,2016-01-17 14:29:52,400,"Likely Voters - Democrat","Live Phone",59,34,NA,NA,NA,2,NA,NA,"http://elections.huffingtonpost.com/pollster/polls/nbc-wsj-23507",NA,"Nonpartisan","None",4,"6","Saturday","01","January",1,"2016"
"37","YouGov/Economist",2016-01-09,2016-01-11,2016-01-19 23:14:04,620,"Likely Voters - Democrat","Internet",58,33,NA,NA,NA,3,NA,5,"http://elections.huffingtonpost.com/pollster/polls/yougov-economist-23528",NA,"Nonpartisan","None",2,"6","Saturday","01","January",1,"2016"
"38","Gravis Marketing/One America News",2016-01-10,2016-01-10,2016-01-12 03:26:32,890,"Likely Voters - Democrat","Automated Phone",65,26,NA,NA,NA,9,NA,NA,"http://elections.huffingtonpost.com/pollster/polls/gravis-marketing-one-america-news-23477",NA,"Sponsor","Rep",0,"0","Sunday","01","January",1,"2016"
"39","Morning Consult",2016-01-08,2016-01-10,2016-01-14 16:33:59,909,"Registered Voters - Democrat","Internet",49,32,NA,NA,NA,3,NA,10,"http://elections.huffingtonpost.com/pollster/polls/morning-consult-23500",NA,"Nonpartisan","None",2,"5","Friday","01","January",1,"2016"
"40","CBS/Times",2016-01-07,2016-01-10,2016-01-12 23:50:01,389,"Likely Voters - Democrat","Live Phone",48,41,NA,NA,NA,2,NA,6,"http://elections.huffingtonpost.com/pollster/polls/cbs-times-23488",NA,"Nonpartisan","None",3,"4","Thursday","01","January",1,"2016"
"41","NBC/SurveyMonkey",2016-01-04,2016-01-10,2016-01-12 16:31:24,2619,"Registered Voters - Democrat","Internet",52,37,NA,NA,NA,2,NA,1,"http://elections.huffingtonpost.com/pollster/polls/nbc-surveymonkey-23479",NA,"Nonpartisan","None",6,"1","Monday","01","January",1,"2016"
"42","IBD/TIPP",2016-01-04,2016-01-08,2016-01-11 14:07:44,397,"Registered Voters - Democrat","Live Phone",43,39,NA,NA,NA,2,NA,9,"http://elections.huffingtonpost.com/pollster/polls/ibd-tipp-23468",NA,"Nonpartisan","None",4,"1","Monday","01","January",1,"2016"
"43","FOX",2016-01-04,2016-01-07,2016-01-08 23:44:48,360,"Likely Voters - Democrat","Live Phone",54,39,NA,NA,NA,3,NA,2,"http://elections.huffingtonpost.com/pollster/polls/fox-23457",NA,"Nonpartisan","None",3,"1","Monday","01","January",1,"2016"
"44","Ipsos/Reuters",2016-01-02,2016-01-06,2016-01-07 17:18:01,709,"Adults - Democrat","Internet",58,30,NA,NA,NA,3,NA,9,"http://elections.huffingtonpost.com/pollster/polls/ipsos-reuters-23449",NA,"Nonpartisan","None",4,"6","Saturday","01","January",1,"2016"
"45","YouGov/Economist",2015-12-31,2016-01-06,2016-01-10 22:15:48,533,"Likely Voters - Democrat","Internet",54,37,NA,NA,NA,3,NA,4,"http://elections.huffingtonpost.com/pollster/polls/yougov-economist-23466",NA,"Nonpartisan","None",6,"4","Thursday","12","December",4,"2015"
"46","NBC/SurveyMonkey",2015-12-28,2016-01-03,2016-01-05 13:21:29,1060,"Registered Voters - Democrat","Internet",53,36,NA,NA,NA,2,NA,8,"http://elections.huffingtonpost.com/pollster/polls/nbc-surveymonkey-23438",NA,"Nonpartisan","None",6,"1","Monday","12","December",4,"2015"
"47","Ipsos/Reuters",2015-12-26,2015-12-30,2015-12-31 18:03:07,825,"Adults - Democrat","Internet",57,32,NA,NA,NA,3,NA,8,"http://elections.huffingtonpost.com/pollster/polls/ipsos-reuters-23429",NA,"Nonpartisan","None",4,"6","Saturday","12","December",4,"2015"
"48","Ipsos/Reuters",2015-12-19,2015-12-23,2015-12-24 02:46:55,603,"Adults - Democrat","Internet",58,31,NA,NA,NA,4,NA,7,"http://elections.huffingtonpost.com/pollster/polls/ipsos-reuters-23413",NA,"Nonpartisan","None",4,"6","Saturday","12","December",4,"2015"
"49","Rasmussen",2015-12-20,2015-12-21,2015-12-22 21:00:14,546,"Likely Voters - Democrat","Automated Phone",46,30,NA,NA,NA,7,NA,7,"http://elections.huffingtonpost.com/pollster/polls/rasmussen-23402",NA,"Nonpartisan","None",1,"0","Sunday","12","December",4,"2015"
"50","YouGov/Economist",2015-12-18,2015-12-21,2015-12-28 15:19:13,565,"Likely Voters - Democrat","Internet",53,39,NA,NA,NA,2,NA,4,"http://elections.huffingtonpost.com/pollster/polls/yougov-economist-23414",NA,"Nonpartisan","None",3,"5","Friday","12","December",4,"2015"
"51","CNN",2015-12-17,2015-12-21,2015-12-23 21:20:00,414,"Registered Voters - Democrat","Live Phone",50,34,NA,NA,NA,3,NA,5,"http://elections.huffingtonpost.com/pollster/polls/cnn-23412",NA,"Nonpartisan","None",4,"4","Thursday","12","December",4,"2015"
"52","Emerson College Polling Society",2015-12-17,2015-12-20,2015-12-21 16:37:14,332,"Likely Voters - Democrat","Automated Phone",65,26,NA,NA,NA,2,NA,4,"http://elections.huffingtonpost.com/pollster/polls/emerson-college-polling-society-23395",NA,"Nonpartisan","None",3,"4","Thursday","12","December",4,"2015"
"53","Quinnipiac",2015-12-16,2015-12-20,2015-12-22 14:45:28,462,"Registered Voters - Democrat","Live Phone",61,30,NA,NA,NA,2,NA,7,"http://elections.huffingtonpost.com/pollster/polls/quinnipiac-23400",NA,"Nonpartisan","None",4,"3","Wednesday","12","December",4,"2015"
"54","FOX",2015-12-16,2015-12-17,2015-12-18 23:04:23,390,"Likely Voters - Democrat","Live Phone",56,34,NA,NA,NA,2,NA,4,"http://elections.huffingtonpost.com/pollster/polls/fox-23385",NA,"Nonpartisan","None",1,"3","Wednesday","12","December",4,"2015"
"55","PPP (D)",2015-12-16,2015-12-17,2015-12-18 19:53:22,525,"Likely Voters - Democrat","IVR/Online",56,28,NA,NA,NA,9,NA,7,"http://elections.huffingtonpost.com/pollster/polls/ppp-d-23381",NA,"Pollster","Dem",1,"3","Wednesday","12","December",4,"2015"
"56","Ipsos/Reuters",2015-12-12,2015-12-16,2015-12-17 18:34:40,765,"Adults - Democrat","Internet",58,29,NA,NA,NA,3,NA,10,"http://elections.huffingtonpost.com/pollster/polls/ipsos-reuters-23361",NA,"Nonpartisan","None",4,"6","Saturday","12","December",4,"2015"
"57","Morning Consult",2015-12-11,2015-12-15,2015-12-15 20:45:27,1790,"Registered Voters - Democrat","Internet",52,27,NA,NA,NA,2,NA,12,"http://elections.huffingtonpost.com/pollster/polls/morning-consult-23333",NA,"Nonpartisan","None",4,"5","Friday","12","December",4,"2015"
"58","ABC/Post",2015-12-10,2015-12-13,2015-12-18 12:17:41,377,"Registered Voters - Democrat","Live Phone",59,28,NA,NA,NA,5,NA,8,"http://elections.huffingtonpost.com/pollster/polls/abc-post-23378",NA,"Nonpartisan","None",3,"4","Thursday","12","December",4,"2015"
"59","Monmouth University",2015-12-10,2015-12-13,2015-12-16 16:37:42,374,"Registered Voters - Democrat","Live Phone",59,26,NA,NA,NA,4,NA,11,"http://elections.huffingtonpost.com/pollster/polls/monmouth-university-23335",NA,"Nonpartisan","None",3,"4","Thursday","12","December",4,"2015"
"60","NBC/WSJ",2015-12-06,2015-12-09,2015-12-14 13:45:41,400,"Likely Voters - Democrat","Live Phone",56,37,NA,NA,NA,4,NA,3,"http://elections.huffingtonpost.com/pollster/polls/nbc-wsj-23315",NA,"Nonpartisan","None",3,"0","Sunday","12","December",4,"2015"
"61","Ipsos/Reuters",2015-12-05,2015-12-09,2015-12-10 16:16:52,573,"Adults - Democrat","Internet",56,30,NA,NA,NA,5,NA,9,"http://elections.huffingtonpost.com/pollster/polls/ipsos-reuters-23297",NA,"Nonpartisan","None",4,"6","Saturday","12","December",4,"2015"
"62","YouGov/Economist",2015-12-04,2015-12-09,2015-12-10 20:02:45,647,"Likely Voters - Democrat","Internet",56,35,NA,NA,NA,2,NA,5,"http://elections.huffingtonpost.com/pollster/polls/yougov-economist-23301",NA,"Nonpartisan","None",5,"5","Friday","12","December",4,"2015"
"63","Gravis Marketing/One America News",2015-12-07,2015-12-08,2015-12-10 19:44:46,731,"Likely Voters - Democrat","Automated Phone",62,30,NA,NA,NA,9,NA,NA,"http://elections.huffingtonpost.com/pollster/polls/gravis-marketing-one-america-news-23300",NA,"Sponsor","Rep",1,"1","Monday","12","December",4,"2015"
"64","CBS/Times",2015-12-04,2015-12-08,2015-12-10 13:16:24,384,"Likely Voters - Democrat","Live Phone",52,32,NA,NA,NA,2,NA,9,"http://elections.huffingtonpost.com/pollster/polls/cbs-times-23294",NA,"Nonpartisan","None",4,"5","Friday","12","December",4,"2015"
"65","Morning Consult",2015-12-03,2015-12-07,2015-12-08 22:24:57,808,"Registered Voters - Democrat","Internet",52,23,NA,NA,NA,2,NA,14,"http://elections.huffingtonpost.com/pollster/polls/morning-consult-23281",NA,"Nonpartisan","None",4,"4","Thursday","12","December",4,"2015"
"66","Public Religion Research Institute",2015-12-02,2015-12-06,2015-12-10 16:08:19,463,"Registered Voters - Democrat","Live Phone",52,31,NA,NA,NA,4,NA,13,"http://elections.huffingtonpost.com/pollster/polls/public-religion-research-institute-23296",NA,"Nonpartisan","None",4,"3","Wednesday","12","December",4,"2015"
"67","Suffolk/USA Today",2015-12-02,2015-12-06,2015-12-08 20:23:37,363,"Likely Voters - Democrat","Live Phone",56,29,NA,NA,NA,4,NA,11,"http://elections.huffingtonpost.com/pollster/polls/suffolk-usa-today-23278",NA,"Nonpartisan","None",4,"3","Wednesday","12","December",4,"2015"
"68","IBD/TIPP",2015-11-30,2015-12-04,2015-12-07 14:56:48,392,"Registered Voters - Democrat","Live Phone",51,33,NA,NA,NA,1,NA,8,"http://elections.huffingtonpost.com/pollster/polls/ibd-tipp-23266",NA,"Nonpartisan","None",4,"1","Monday","11","November",4,"2015"
"69","Ipsos/Reuters",2015-11-28,2015-12-02,2015-12-03 17:32:37,430,"Adults - Democrat","Internet",51,36,NA,NA,NA,4,NA,10,"http://elections.huffingtonpost.com/pollster/polls/ipsos-reuters-23252",NA,"Nonpartisan","None",4,"6","Saturday","11","November",4,"2015"
"70","CNN",2015-11-27,2015-12-01,2015-12-04 19:25:19,403,"Registered Voters - Democrat","Live Phone",58,30,NA,NA,NA,2,NA,3,"http://elections.huffingtonpost.com/pollster/polls/cnn-23260",NA,"Nonpartisan","None",4,"5","Friday","11","November",4,"2015"
"71","Quinnipiac",2015-11-23,2015-11-30,2015-12-02 12:04:16,573,"Registered Voters - Democrat","Live Phone",60,30,NA,NA,NA,2,NA,7,"http://elections.huffingtonpost.com/pollster/polls/quinnipiac-23247",NA,"Nonpartisan","None",7,"1","Monday","11","November",4,"2015"
"72","Ipsos/Reuters",2015-11-21,2015-11-25,2015-11-25 20:56:33,362,"Adults - Democrat","Internet",58,30,NA,NA,NA,6,NA,8,"http://elections.huffingtonpost.com/pollster/polls/ipsos-reuters-23238",NA,"Nonpartisan","None",4,"6","Saturday","11","November",4,"2015"
"73","Gravis Marketing/One America News",2015-11-23,2015-11-23,2015-11-25 15:31:26,528,"Likely Voters - Democrat","Automated Phone",59,32,NA,NA,NA,8,NA,NA,"http://elections.huffingtonpost.com/pollster/polls/gravis-marketing-one-america-news-23235",NA,"Sponsor","Rep",0,"1","Monday","11","November",4,"2015"
"74","YouGov/Economist",2015-11-19,2015-11-23,2015-11-25 14:14:12,764,"Likely Voters - Democrat","Internet",54,34,NA,NA,NA,4,NA,5,"http://elections.huffingtonpost.com/pollster/polls/yougov-economist-23233",NA,"Nonpartisan","None",4,"4","Thursday","11","November",4,"2015"
"75","ABC/Post",2015-11-16,2015-11-19,2015-11-22 15:06:26,352,"Registered Voters - Democrat","Live Phone",60,34,NA,NA,NA,3,NA,2,"http://elections.huffingtonpost.com/pollster/polls/abc-post-23206",NA,"Nonpartisan","None",3,"1","Monday","11","November",4,"2015"
"76","FOX",2015-11-16,2015-11-19,2015-11-22 15:14:04,366,"Likely Voters - Democrat","Live Phone",55,32,NA,NA,NA,3,NA,5,"http://elections.huffingtonpost.com/pollster/polls/fox-23207",NA,"Nonpartisan","None",3,"1","Monday","11","November",4,"2015"
"77","Ipsos/Reuters",2015-11-14,2015-11-18,2015-11-19 18:29:31,1275,"Adults - Democrat","Internet",52,31,NA,NA,NA,4,NA,13,"http://elections.huffingtonpost.com/pollster/polls/ipsos-reuters-23182",NA,"Nonpartisan","None",4,"6","Saturday","11","November",4,"2015"
"78","PPP (D)",2015-11-16,2015-11-17,2015-11-19 15:02:32,538,"Likely Voters - Democrat","IVR/Online",59,26,NA,NA,NA,7,NA,8,"http://elections.huffingtonpost.com/pollster/polls/ppp-d-23174",NA,"Pollster","Dem",1,"1","Monday","11","November",4,"2015"
"79","Bloomberg/Selzer",2015-11-15,2015-11-17,2015-11-20 14:05:32,385,"Registered Voters - Democrat","Live Phone",55,30,NA,NA,NA,3,NA,8,"http://elections.huffingtonpost.com/pollster/polls/bloomberg-selzer-23194",NA,"Nonpartisan","None",2,"0","Sunday","11","November",4,"2015"
"80","NBC/SurveyMonkey",2015-11-15,2015-11-17,2015-11-20 14:17:19,1983,"Registered Voters - Democrat","Internet",49,33,NA,NA,NA,1,NA,11,"http://elections.huffingtonpost.com/pollster/polls/nbc-surveymonkey-23196",NA,"Nonpartisan","None",2,"0","Sunday","11","November",4,"2015"
"81","Morning Consult",2015-11-13,2015-11-16,2015-11-17 15:45:58,874,"Registered Voters - Democrat","Internet",57,26,NA,NA,NA,2,NA,9,"http://elections.huffingtonpost.com/pollster/polls/morning-consult-23158",NA,"Nonpartisan","None",3,"5","Friday","11","November",4,"2015"
"82","Ipsos/Reuters",2015-11-07,2015-11-11,2015-11-17 21:36:06,609,"Adults - Democrat","Internet",51,35,NA,NA,NA,3,NA,10,"http://elections.huffingtonpost.com/pollster/polls/ipsos-reuters-23166",NA,"Nonpartisan","None",4,"6","Saturday","11","November",4,"2015"
"83","Public Religion Research Institute",2015-11-06,2015-11-10,2015-11-23 16:21:55,145,"Likely Voters - Democrat","Live Phone",62,29,NA,NA,NA,2,NA,5,"http://elections.huffingtonpost.com/pollster/polls/public-religion-research-institute-23214",NA,"Nonpartisan","None",4,"5","Friday","11","November",4,"2015"
"84","CBS/Times",2015-11-06,2015-11-10,2015-11-12 14:44:59,418,"Likely Voters - Democrat","Live Phone",52,33,NA,NA,NA,5,NA,NA,"http://elections.huffingtonpost.com/pollster/polls/cbs-times-23120",NA,"Nonpartisan","None",4,"5","Friday","11","November",4,"2015"
"85","YouGov/Economist",2015-11-05,2015-11-09,2015-11-10 19:09:31,658,"Registered Voters - Democrat","Internet",59,31,NA,NA,0,2,NA,6,"http://elections.huffingtonpost.com/pollster/polls/yougov-economist-23108",NA,"Nonpartisan","None",4,"4","Thursday","11","November",4,"2015"
"86","Morning Consult",2015-11-05,2015-11-08,2015-11-10 17:55:28,1739,"Registered Voters - Democrat","Internet",54,28,NA,NA,NA,3,NA,8,"http://elections.huffingtonpost.com/pollster/polls/morning-consult-23107",NA,"Nonpartisan","None",3,"4","Thursday","11","November",4,"2015"
"87","Ipsos/Reuters",2015-10-31,2015-11-04,2015-11-05 18:36:49,629,"Adults - Democrat","Internet",57,28,NA,NA,NA,6,NA,9,"http://elections.huffingtonpost.com/pollster/polls/ipsos-reuters-23076",NA,"Nonpartisan","None",4,"6","Saturday","10","October",4,"2015"
"88","McClatchy/Marist",2015-10-29,2015-11-04,2015-11-13 21:32:48,511,"Registered Voters - Democrat","Live Phone",57,35,NA,NA,NA,4,NA,4,"http://elections.huffingtonpost.com/pollster/polls/mcclatchy-marist-23138",NA,"Nonpartisan","None",6,"4","Thursday","10","October",4,"2015"
"89","FOX",2015-11-01,2015-11-03,2015-11-04 23:23:33,505,"Likely Voters - Democrat","Live Phone",56,31,NA,NA,NA,2,NA,4,"http://elections.huffingtonpost.com/pollster/polls/fox-23061",NA,"Nonpartisan","None",2,"0","Sunday","11","November",4,"2015"
"90","USC/LA Times/SurveyMonkey",2015-10-29,2015-11-03,2015-11-09 16:34:14,1242,"Registered Voters - Democrat","Internet",48,28,NA,NA,1,2,NA,19,"http://elections.huffingtonpost.com/pollster/polls/usc-la-times-surveymonkey-23085",NA,"Nonpartisan","None",5,"4","Thursday","10","October",4,"2015"
"91","Quinnipiac",2015-10-29,2015-11-02,2015-11-04 16:23:42,480,"Registered Voters - Democrat","Live Phone",53,35,NA,NA,1,0,NA,11,"http://elections.huffingtonpost.com/pollster/polls/quinnipiac-23059",NA,"Nonpartisan","None",4,"4","Thursday","10","October",4,"2015"
"92","Morning Consult",2015-10-29,2015-11-01,2015-11-03 20:26:04,1015,"Registered Voters - Democrat","Internet",56,26,NA,NA,NA,2,NA,10,"http://elections.huffingtonpost.com/pollster/polls/morning-consult-23056",NA,"Nonpartisan","None",3,"4","Thursday","10","October",4,"2015"
"93","NBC/SurveyMonkey",2015-10-27,2015-10-29,2015-10-30 17:13:59,1226,"Registered Voters - Democrat","Internet",50,30,NA,NA,1,1,NA,12,"http://elections.huffingtonpost.com/pollster/polls/nbc-surveymonkey-23030",NA,"Nonpartisan","None",2,"2","Tuesday","10","October",4,"2015"
"94","NBC/WSJ",2015-10-25,2015-10-29,2015-11-03 16:49:49,400,"Likely Voters - Democrat","Live Phone",62,31,NA,NA,NA,3,NA,3,"http://elections.huffingtonpost.com/pollster/polls/nbc-wsj-23052",NA,"Nonpartisan","None",4,"0","Sunday","10","October",4,"2015"
"95","IBD/TIPP",2015-10-24,2015-10-29,2015-10-31 23:04:27,356,"Registered Voters - Democrat","Live Phone",48,33,NA,NA,NA,2,NA,NA,"http://elections.huffingtonpost.com/pollster/polls/ibd-tipp-23039",NA,"Nonpartisan","None",5,"6","Saturday","10","October",4,"2015"
"96","Ipsos/Reuters",2015-10-24,2015-10-28,2015-10-29 16:44:01,676,"Adults - Democrat","Internet",53,33,NA,NA,NA,2,NA,12,"http://elections.huffingtonpost.com/pollster/polls/ipsos-reuters-23026",NA,"Nonpartisan","None",4,"6","Saturday","10","October",4,"2015"
"97","YouGov/Economist",2015-10-23,2015-10-27,2015-10-28 18:21:17,654,"Registered Voters - Democrat","Internet",61,29,NA,NA,1,2,NA,6,"http://elections.huffingtonpost.com/pollster/polls/yougov-economist-23013",NA,"Nonpartisan","None",4,"5","Friday","10","October",4,"2015"
"98","Gravis Marketing/One America News",2015-10-26,2015-10-26,2015-10-27 22:23:40,1037,"Registered Voters - Democrat","Automated Phone",58,16,NA,NA,NA,3,NA,24,"http://elections.huffingtonpost.com/pollster/polls/gravis-marketing-one-america-news-23005",NA,"Sponsor","Rep",0,"1","Monday","10","October",4,"2015"
"99","Morning Consult",2015-10-22,2015-10-25,2015-10-26 21:12:38,688,"Registered Voters - Democrat","Internet",53,26,NA,NA,NA,5,NA,10,"http://elections.huffingtonpost.com/pollster/polls/morning-consult-22994",NA,"Nonpartisan","None",3,"4","Thursday","10","October",4,"2015"
"100","Ipsos/Reuters",2015-10-17,2015-10-21,2015-10-23 17:26:32,873,"Adults - Democrat","Internet",45,29,16,1,NA,1,NA,9,"http://elections.huffingtonpost.com/pollster/polls/ipsos-reuters-22974",NA,"Nonpartisan","None",4,"6","Saturday","10","October",4,"2015"
"101","Morning Consult",2015-10-15,2015-10-19,2015-10-20 17:31:31,895,"Registered Voters - Democrat","Internet",56,24,NA,1,NA,1,1,12,"http://elections.huffingtonpost.com/pollster/polls/morning-consult-22950",NA,"Nonpartisan","None",4,"4","Thursday","10","October",4,"2015"
"102","ABC/Post",2015-10-15,2015-10-18,2015-10-20 14:01:48,444,"Registered Voters - Democrat","Live Phone",54,23,16,0,NA,1,1,5,"http://elections.huffingtonpost.com/pollster/polls/abc-post-22942",NA,"Nonpartisan","None",3,"4","Thursday","10","October",4,"2015"
"103","Monmouth University",2015-10-15,2015-10-18,2015-10-19 16:48:54,340,"Registered Voters - Democrat","Live Phone",48,21,17,0,1,1,1,12,"http://elections.huffingtonpost.com/pollster/polls/monmouth-university-22939",NA,"Nonpartisan","None",3,"4","Thursday","10","October",4,"2015"
"104","NBC/WSJ",2015-10-15,2015-10-18,2015-10-20 13:55:51,400,"Likely Voters - Democrat","Live Phone",49,29,15,0,NA,1,2,4,"http://elections.huffingtonpost.com/pollster/polls/nbc-wsj-22941",NA,"Nonpartisan","None",3,"4","Thursday","10","October",4,"2015"
"105","Emerson College Polling Society",2015-10-16,2015-10-17,2015-10-20 18:55:01,390,"Likely Voters - Democrat","Automated Phone",68,20,NA,0,NA,3,1,6,"http://elections.huffingtonpost.com/pollster/polls/emerson-college-polling-society-22951",NA,"Nonpartisan","None",1,"5","Friday","10","October",4,"2015"
"106","CNN",2015-10-14,2015-10-17,2015-10-19 13:51:22,425,"Registered Voters - Democrat","Live Phone",45,29,18,0,0,0,1,5,"http://elections.huffingtonpost.com/pollster/polls/cnn-22934",NA,"Nonpartisan","None",3,"3","Wednesday","10","October",4,"2015"
"107","NBC/SurveyMonkey",2015-10-13,2015-10-15,2015-10-16 20:53:14,1857,"Registered Voters - Democrat","Internet",45,31,10,0,0,1,1,9,"http://elections.huffingtonpost.com/pollster/polls/nbc-surveymonkey-22931",NA,"Nonpartisan","None",2,"2","Tuesday","10","October",4,"2015"
"108","Ipsos/Reuters",2015-10-10,2015-10-14,2015-10-16 21:05:43,530,"Adults - Democrat","Internet",51,24,16,1,NA,2,NA,6,"http://elections.huffingtonpost.com/pollster/polls/ipsos-reuters-22933",NA,"Nonpartisan","None",4,"6","Saturday","10","October",4,"2015"
"109","FOX",2015-10-10,2015-10-12,2015-10-13 16:22:25,353,"Likely Voters - Democrat","Live Phone",45,25,19,0,0,1,0,5,"http://elections.huffingtonpost.com/pollster/polls/fox-22904",NA,"Nonpartisan","None",2,"6","Saturday","10","October",4,"2015"
"110","Morning Consult",2015-10-08,2015-10-12,2015-10-13 15:48:47,826,"Registered Voters - Democrat","Internet",54,22,NA,1,NA,1,1,15,"http://elections.huffingtonpost.com/pollster/polls/morning-consult-22902",NA,"Nonpartisan","None",4,"4","Thursday","10","October",4,"2015"
"111","YouGov/Economist",2015-10-08,2015-10-12,2015-10-14 21:28:25,633,"Registered Voters - Democrat","Internet",48,23,20,1,1,2,0,6,"http://elections.huffingtonpost.com/pollster/polls/yougov-economist-22919",NA,"Nonpartisan","None",4,"4","Thursday","10","October",4,"2015"
"112","CBS",2015-10-04,2015-10-08,2015-10-12 15:48:21,311,"Registered Voters - Democrat","Live Phone",46,27,16,0,0,0,2,5,"http://elections.huffingtonpost.com/pollster/polls/cbs-22888",NA,"Nonpartisan","None",4,"0","Sunday","10","October",4,"2015"
"113","Ipsos/Reuters",2015-10-03,2015-10-07,2015-10-08 14:41:05,640,"Adults - Democrat","Internet",44,27,18,1,NA,2,NA,8,"http://elections.huffingtonpost.com/pollster/polls/ipsos-reuters-22871",NA,"Nonpartisan","None",4,"6","Saturday","10","October",4,"2015"
"114","Morning Consult",2015-10-02,2015-10-05,2015-10-06 21:34:11,827,"Registered Voters - Democrat","Internet",48,27,NA,2,NA,1,1,13,"http://elections.huffingtonpost.com/pollster/polls/morning-consult-22858",NA,"Nonpartisan","None",3,"5","Friday","10","October",4,"2015"
"115","Fairleigh Dickinson",2015-10-01,2015-10-05,2015-10-08 22:22:35,339,"Registered Voters - Democrat","Live Phone",45,23,17,0,0,1,1,10,"http://elections.huffingtonpost.com/pollster/polls/fairleigh-dickinson-22878",NA,"Nonpartisan","None",4,"4","Thursday","10","October",4,"2015"
"116","PPP (D)",2015-10-01,2015-10-04,2015-10-06 15:30:32,551,"Likely Voters - Democrat","IVR/Online",42,24,20,1,0,1,2,9,"http://elections.huffingtonpost.com/pollster/polls/ppp-d-22854",NA,"Pollster","Dem",3,"4","Thursday","10","October",4,"2015"
"117","Public Religion Research Institute",2015-09-11,2015-10-04,2015-11-23 17:38:53,388,"Likely Voters - Democrat","Live Phone",55,17,23,NA,NA,0,1,2,"http://elections.huffingtonpost.com/pollster/polls/public-religion-research-institute-23215",NA,"Nonpartisan","None",23,"5","Friday","09","September",3,"2015"
"118","Gravis Marketing/One America News",2015-09-30,2015-10-01,2015-10-07 17:07:13,1021,"Likely Voters - Democrat","Automated Phone",44,25,23,2,NA,2,3,NA,"http://elections.huffingtonpost.com/pollster/polls/gravis-marketing-one-america-news-22863",NA,"Sponsor","Rep",1,"3","Wednesday","09","September",3,"2015"
"119","IBD/TIPP",2015-09-26,2015-10-01,2015-10-05 15:55:07,344,"Registered Voters - Democrat","Live Phone",42,18,22,NA,NA,NA,NA,NA,"http://elections.huffingtonpost.com/pollster/polls/ibd-tipp-22844",NA,"Nonpartisan","None",5,"6","Saturday","09","September",3,"2015"
"120","Ipsos/Reuters",2015-09-26,2015-09-30,2015-10-02 16:48:00,511,"Adults - Democrat","Internet",46,25,19,1,NA,1,0,6,"http://elections.huffingtonpost.com/pollster/polls/ipsos-reuters-22834",NA,"Nonpartisan","None",4,"6","Saturday","09","September",3,"2015"
"121","YouGov/Economist",2015-09-25,2015-09-29,2015-10-01 18:09:28,636,"Registered Voters - Democrat","Internet",48,25,20,0,NA,2,1,5,"http://elections.huffingtonpost.com/pollster/polls/yougov-economist-22830",NA,"Nonpartisan","None",4,"5","Friday","09","September",3,"2015"
"122","Suffolk/USA Today",2015-09-24,2015-09-28,2015-09-30 16:27:03,430,"Likely Voters - Democrat","Live Phone",41,23,20,1,0,0,0,14,"http://elections.huffingtonpost.com/pollster/polls/suffolk-usa-today-22822",NA,"Nonpartisan","None",4,"4","Thursday","09","September",3,"2015"
"123","Morning Consult",2015-09-24,2015-09-27,2015-09-29 19:40:45,643,"Registered Voters - Democrat","Internet",44,23,19,0,NA,0,1,9,"http://elections.huffingtonpost.com/pollster/polls/morning-consult-22813",NA,"Nonpartisan","None",3,"4","Thursday","09","September",3,"2015"
"124","NBC/WSJ",2015-09-20,2015-09-24,2015-09-28 15:55:22,256,"Likely Voters - Democrat","Live Phone",42,35,17,0,NA,0,1,5,"http://elections.huffingtonpost.com/pollster/polls/nbc-wsj-22803",NA,"Nonpartisan","None",4,"0","Sunday","09","September",3,"2015"
"125","Ipsos/Reuters",2015-09-19,2015-09-23,2015-09-25 21:18:59,608,"Adults - Democrat","Internet",40,30,15,0,NA,2,0,10,"http://elections.huffingtonpost.com/pollster/polls/ipsos-reuters-22797",NA,"Nonpartisan","None",4,"6","Saturday","09","September",3,"2015"
"126","FOX",2015-09-20,2015-09-22,2015-09-24 22:22:11,381,"Likely Voters - Democrat","Live Phone",44,30,18,0,NA,2,1,3,"http://elections.huffingtonpost.com/pollster/polls/fox-22789",NA,"Nonpartisan","None",2,"0","Sunday","09","September",3,"2015"
"127","Bloomberg/Selzer",2015-09-18,2015-09-21,2015-09-23 20:05:17,375,"Registered Voters - Democrat","Live Phone",33,24,25,0,NA,1,2,7,"http://elections.huffingtonpost.com/pollster/polls/bloomberg-selzer-22782",NA,"Nonpartisan","None",3,"5","Friday","09","September",3,"2015"
"128","Quinnipiac",2015-09-17,2015-09-21,2015-09-24 22:15:01,587,"Registered Voters - Democrat","Live Phone",43,25,18,0,0,0,0,12,"http://elections.huffingtonpost.com/pollster/polls/quinnipiac-22788",NA,"Nonpartisan","None",4,"4","Thursday","09","September",3,"2015"
"129","Morning Consult",2015-09-18,2015-09-20,2015-09-22 17:53:47,1761,"Registered Voters - Democrat","Internet",49,28,NA,1,NA,2,1,13,"http://elections.huffingtonpost.com/pollster/polls/morning-consult-22771",NA,"Nonpartisan","None",2,"5","Friday","09","September",3,"2015"
"130","Zogby (Internet)",2015-09-18,2015-09-19,2015-09-24 00:35:58,515,"Likely Voters - Democrat","Internet",52,24,NA,NA,NA,3,2,19,"http://elections.huffingtonpost.com/pollster/polls/zogby-internet-22785",NA,"Nonpartisan","None",1,"5","Friday","09","September",3,"2015"
"131","CNN",2015-09-17,2015-09-19,2015-09-21 19:11:48,329,"Registered Voters - Democrat","Live Phone",42,24,22,0,NA,1,0,6,"http://elections.huffingtonpost.com/pollster/polls/cnn-22760",NA,"Nonpartisan","None",2,"4","Thursday","09","September",3,"2015"
"132","NBC/SurveyMonkey",2015-09-16,2015-09-18,2015-09-22 05:54:00,1774,"Registered Voters - Democrat","Internet",41,29,15,0,0,1,1,9,"http://elections.huffingtonpost.com/pollster/polls/nbc-surveymonkey-22767",NA,"Nonpartisan","None",2,"3","Wednesday","09","September",3,"2015"
"133","Ipsos/Reuters",2015-09-12,2015-09-16,2015-09-18 19:33:27,642,"Adults - Democrat","Internet",46,25,18,0,NA,0,1,8,"http://elections.huffingtonpost.com/pollster/polls/ipsos-reuters-22748",NA,"Nonpartisan","None",4,"6","Saturday","09","September",3,"2015"
"134","YouGov/Economist",2015-09-11,2015-09-15,2015-09-18 04:06:51,651,"Registered Voters - Democrat","Internet",45,26,19,1,NA,1,1,6,"http://elections.huffingtonpost.com/pollster/polls/yougov-economist-22742",NA,"Nonpartisan","None",4,"5","Friday","09","September",3,"2015"
"135","Morning Consult",2015-09-11,2015-09-13,2015-09-18 03:24:39,955,"Registered Voters - Democrat","Internet",54,24,NA,0,NA,2,2,12,"http://elections.huffingtonpost.com/pollster/polls/morning-consult-22738",NA,"Nonpartisan","None",2,"5","Friday","09","September",3,"2015"
"136","CBS/Times",2015-09-09,2015-09-13,2015-09-18 03:06:54,351,"Likely Voters - Democrat","Live Phone",47,27,15,1,NA,0,1,7,"http://elections.huffingtonpost.com/pollster/polls/cbs-times-22736",NA,"Nonpartisan","None",4,"3","Wednesday","09","September",3,"2015"
"137","ABC/Post",2015-09-07,2015-09-10,2015-09-14 20:25:47,356,"Registered Voters - Democrat","Live Phone",42,24,21,1,NA,2,1,9,"http://elections.huffingtonpost.com/pollster/polls/abc-post-22723",NA,"Nonpartisan","None",3,"1","Monday","09","September",3,"2015"
"138","Ipsos/Reuters",2015-09-05,2015-09-09,2015-09-11 20:35:48,625,"Adults - Democrat","Internet",42,28,14,1,NA,3,0,10,"http://elections.huffingtonpost.com/pollster/polls/ipsos-reuters-22709",NA,"Nonpartisan","None",4,"6","Saturday","09","September",3,"2015"
"139","Emerson College Polling Society",2015-09-05,2015-09-08,2015-09-10 18:55:35,392,"Likely Voters - Democrat","Automated Phone",48,21,21,NA,NA,1,1,7,"http://elections.huffingtonpost.com/pollster/polls/emerson-college-polling-society-22699",NA,"Nonpartisan","None",3,"6","Saturday","09","September",3,"2015"
"140","CNN",2015-09-04,2015-09-08,2015-09-11 06:14:40,395,"Registered Voters - Democrat","Live Phone",37,27,20,0,NA,3,2,5,"http://elections.huffingtonpost.com/pollster/polls/cnn-22704",NA,"Nonpartisan","None",4,"5","Friday","09","September",3,"2015"
"141","Morning Consult",2015-09-04,2015-09-07,2015-09-11 01:23:37,893,"Registered Voters - Democrat","Internet",51,27,NA,1,NA,1,1,13,"http://elections.huffingtonpost.com/pollster/polls/morning-consult-22702",NA,"Nonpartisan","None",3,"5","Friday","09","September",3,"2015"
"142","Monmouth University",2015-08-31,2015-09-02,2015-09-08 21:05:33,339,"Registered Voters - Democrat","Live Phone",42,20,22,0,NA,1,1,14,"http://elections.huffingtonpost.com/pollster/polls/monmouth-university-22682",NA,"Nonpartisan","None",2,"1","Monday","08","August",3,"2015"
"143","Ipsos/Reuters",2015-08-29,2015-09-02,2015-09-05 01:01:15,606,"Adults - Democrat","Internet",44,24,17,1,NA,0,0,10,"http://elections.huffingtonpost.com/pollster/polls/ipsos-reuters-22681",NA,"Nonpartisan","None",4,"6","Saturday","08","August",3,"2015"
"144","YouGov/Economist",2015-08-28,2015-09-01,2015-09-04 00:23:18,647,"Registered Voters - Democrat","Internet",44,25,21,0,NA,2,1,5,"http://elections.huffingtonpost.com/pollster/polls/yougov-economist-22658",NA,"Nonpartisan","None",4,"5","Friday","08","August",3,"2015"
"145","Morning Consult",2015-08-28,2015-08-30,2015-09-01 01:13:04,913,"Registered Voters - Democrat","Internet",52,23,NA,1,NA,1,2,14,"http://elections.huffingtonpost.com/pollster/polls/morning-consult-22639",NA,"Nonpartisan","None",2,"5","Friday","08","August",3,"2015"
"146","PPP (D)",2015-08-28,2015-08-30,2015-09-01 18:55:29,545,"Likely Voters - Democrat","IVR/Online",55,20,NA,1,1,4,3,15,"http://elections.huffingtonpost.com/pollster/polls/ppp-d-22644",NA,"Pollster","Dem",2,"5","Friday","08","August",3,"2015"
"147","Ipsos/Reuters",2015-08-22,2015-08-26,2015-08-28 22:44:47,452,"Adults - Democrat","Internet",48,22,15,0,NA,1,2,9,"http://elections.huffingtonpost.com/pollster/polls/ipsos-reuters-22625",NA,"Nonpartisan","None",4,"6","Saturday","08","August",3,"2015"
"148","Quinnipiac",2015-08-20,2015-08-25,2015-08-27 20:23:23,647,"Registered Voters - Democrat","Live Phone",45,22,18,0,NA,1,1,13,"http://elections.huffingtonpost.com/pollster/polls/quinnipiac-22620",NA,"Nonpartisan","None",5,"4","Thursday","08","August",3,"2015"
"149","Gravis Marketing/One America News",2015-08-21,2015-08-22,2015-08-28 01:14:31,1266,"Likely Voters - Democrat","Automated Phone",54,21,13,1,NA,2,2,NA,"http://elections.huffingtonpost.com/pollster/polls/gravis-marketing-one-america-news-22623",NA,"Sponsor","Rep",1,"5","Friday","08","August",3,"2015"
"150","Ipsos/Reuters",2015-08-15,2015-08-19,2015-08-22 01:07:31,356,"Adults - Democrat","Internet",47,23,12,1,NA,1,1,11,"http://elections.huffingtonpost.com/pollster/polls/ipsos-reuters-22595",NA,"Nonpartisan","None",4,"6","Saturday","08","August",3,"2015"
"151","YouGov/Economist",2015-08-14,2015-08-18,2015-08-24 22:00:52,676,"Registered Voters - Democrat","Internet",47,26,14,1,NA,1,1,7,"http://elections.huffingtonpost.com/pollster/polls/yougov-economist-22601",NA,"Nonpartisan","None",4,"5","Friday","08","August",3,"2015"
"152","Morning Consult",2015-08-14,2015-08-16,2015-08-17 21:24:54,884,"Registered Voters - Democrat","Internet",50,24,NA,1,NA,3,1,21,"http://elections.huffingtonpost.com/pollster/polls/morning-consult-22565",NA,"Nonpartisan","None",2,"5","Friday","08","August",3,"2015"
"153","CNN",2015-08-13,2015-08-16,2015-08-19 18:29:16,358,"Registered Voters - Democrat","Live Phone",47,29,14,0,NA,2,1,3,"http://elections.huffingtonpost.com/pollster/polls/cnn-22576",NA,"Nonpartisan","None",3,"4","Thursday","08","August",3,"2015"
"154","FOX",2015-08-11,2015-08-13,2015-08-17 19:09:50,401,"Likely Voters - Democrat","Live Phone",49,30,10,0,NA,1,1,4,"http://elections.huffingtonpost.com/pollster/polls/fox-22562",NA,"Nonpartisan","None",2,"2","Tuesday","08","August",3,"2015"
"155","Ipsos/Reuters",2015-08-08,2015-08-12,2015-08-14 21:17:02,520,"Adults - Democrat","Internet",55,18,11,0,NA,2,1,10,"http://elections.huffingtonpost.com/pollster/polls/ipsos-reuters-22559",NA,"Nonpartisan","None",4,"6","Saturday","08","August",3,"2015"
"156","Morning Consult",2015-08-07,2015-08-09,2015-08-10 21:38:34,896,"Registered Voters - Democrat","Internet",56,19,NA,1,NA,4,2,12,"http://elections.huffingtonpost.com/pollster/polls/morning-consult-22526",NA,"Nonpartisan","None",2,"5","Friday","08","August",3,"2015"
"157","Ipsos/Reuters",2015-08-01,2015-08-05,2015-08-07 01:31:53,409,"Adults - Democrat","Internet",52,17,14,1,NA,1,0,11,"http://elections.huffingtonpost.com/pollster/polls/ipsos-reuters-22515",NA,"Nonpartisan","None",4,"6","Saturday","08","August",3,"2015"
"158","Zogby (Internet)/ University of Akron",2015-08-03,2015-08-04,2015-08-06 21:06:17,459,"Likely Voters - Democrat","Internet",48,15,21,NA,NA,3,2,10,"http://elections.huffingtonpost.com/pollster/polls/zogby-internet-university-of-akron-22501",NA,"Nonpartisan","None",1,"1","Monday","08","August",3,"2015"
"159","YouGov/Economist",2015-07-31,2015-08-04,2015-08-07 21:46:40,635,"Registered Voters - Democrat","Internet",51,21,13,1,NA,1,2,10,"http://elections.huffingtonpost.com/pollster/polls/yougov-economist-22516",NA,"Nonpartisan","None",4,"5","Friday","07","July",3,"2015"
"160","Morning Consult",2015-07-31,2015-08-03,2015-08-05 01:23:17,860,"Registered Voters - Democrat","Internet",60,16,NA,1,NA,2,2,13,"http://elections.huffingtonpost.com/pollster/polls/morning-consult-22487",NA,"Nonpartisan","None",3,"5","Friday","07","July",3,"2015"
"161","FOX",2015-07-30,2015-08-02,2015-08-04 02:31:58,499,"Likely Voters - Democrat","Live Phone",51,22,13,1,NA,1,1,6,"http://elections.huffingtonpost.com/pollster/polls/fox-22473",NA,"Nonpartisan","None",3,"4","Thursday","07","July",3,"2015"
"162","Monmouth University",2015-07-30,2015-08-02,2015-08-05 19:27:53,429,"Registered Voters - Democrat","Live Phone",52,16,12,0,NA,2,2,14,"http://elections.huffingtonpost.com/pollster/polls/monmouth-university-22491",NA,"Nonpartisan","None",3,"4","Thursday","07","July",3,"2015"
"163","CBS",2015-07-29,2015-08-02,2015-08-06 01:01:56,362,"Likely Voters - Democrat","Live Phone",58,17,11,1,NA,1,2,7,"http://elections.huffingtonpost.com/pollster/polls/cbs-22498",NA,"Nonpartisan","None",4,"3","Wednesday","07","July",3,"2015"
"164","NBC/WSJ",2015-07-26,2015-07-30,2015-08-03 01:44:59,252,"Likely Voters - Democrat","Live Phone",59,25,NA,1,NA,3,3,8,"http://elections.huffingtonpost.com/pollster/polls/nbc-wsj-22460",NA,"Nonpartisan","None",4,"0","Sunday","07","July",3,"2015"
"165","Gravis Marketing/One America News",2015-07-29,2015-07-29,2015-08-05 22:47:03,803,"Likely Voters - Democrat","Automated Phone",55,18,8,2,NA,3,5,NA,"http://elections.huffingtonpost.com/pollster/polls/gravis-marketing-one-america-news-22497",NA,"Sponsor","Rep",0,"3","Wednesday","07","July",3,"2015"
"166","Ipsos/Reuters",2015-07-25,2015-07-29,2015-08-05 00:43:28,505,"Adults - Democrat","Internet",58,15,12,0,NA,1,1,9,"http://elections.huffingtonpost.com/pollster/polls/ipsos-reuters-22486",NA,"Nonpartisan","None",4,"6","Saturday","07","July",3,"2015"
"167","Emerson College Polling Society",2015-07-26,2015-07-28,2015-08-11 20:17:22,481,"Likely Voters - Democrat","Automated Phone",54,33,9,1,NA,2,1,NA,"http://elections.huffingtonpost.com/pollster/polls/emerson-college-polling-society-22537",NA,"Nonpartisan","None",2,"0","Sunday","07","July",3,"2015"
"168","Quinnipiac",2015-07-23,2015-07-28,2015-08-03 00:50:33,681,"Registered Voters - Democrat","Live Phone",55,17,13,0,NA,1,1,12,"http://elections.huffingtonpost.com/pollster/polls/quinnipiac-22459",NA,"Nonpartisan","None",5,"4","Thursday","07","July",3,"2015"
"169","CNN",2015-07-22,2015-07-25,2015-07-27 22:01:00,392,"Likely Voters - Democrat","Live Phone",56,19,15,0,NA,0,1,4,"http://elections.huffingtonpost.com/pollster/polls/cnn-22434",NA,"Nonpartisan","None",3,"3","Wednesday","07","July",3,"2015"
"170","PPP (D)",2015-07-20,2015-07-21,2015-07-23 17:55:26,496,"Likely Voters - Democrat","IVR/Online",57,22,NA,3,NA,2,5,12,"http://elections.huffingtonpost.com/pollster/polls/ppp-d-22415",NA,"Pollster","Dem",1,"1","Monday","07","July",3,"2015"
"171","YouGov/Economist",2015-07-18,2015-07-20,2015-07-24 23:47:03,320,"Registered Voters - Democrat","Internet",56,18,13,1,NA,0,0,10,"http://elections.huffingtonpost.com/pollster/polls/yougov-economist-22430",NA,"Nonpartisan","None",2,"6","Saturday","07","July",3,"2015"
"172","Morning Consult",2015-07-17,2015-07-20,2015-07-21 23:09:47,882,"Registered Voters - Democrat","Internet",52,16,11,NA,NA,0,0,9,"http://elections.huffingtonpost.com/pollster/polls/morning-consult-22405",NA,"Nonpartisan","None",3,"5","Friday","07","July",3,"2015"
"173","ABC/Post",2015-07-16,2015-07-19,2015-07-21 01:22:48,357,"Registered Voters - Democrat","Live Phone",63,14,12,0,NA,1,2,6,"http://elections.huffingtonpost.com/pollster/polls/abc-post-22400",NA,"Nonpartisan","None",3,"4","Thursday","07","July",3,"2015"
"174","FOX",2015-07-13,2015-07-15,2015-07-17 02:36:39,316,"Likely Voters - Democrat","Live Phone",59,19,8,1,NA,1,1,5,"http://elections.huffingtonpost.com/pollster/polls/fox-22386",NA,"Nonpartisan","None",2,"1","Monday","07","July",3,"2015"
"175","Lincoln Park Strategies (D)",2015-07-09,2015-07-14,2015-07-21 19:25:50,421,"Likely Voters - Democrat","Internet",63,16,NA,0,NA,1,2,17,"http://elections.huffingtonpost.com/pollster/polls/lincoln-park-strategies-d-22402",NA,"Nonpartisan","None",5,"4","Thursday","07","July",3,"2015"
"176","Monmouth University",2015-07-09,2015-07-12,2015-07-15 18:02:33,357,"Registered Voters - Democrat","Live Phone",51,17,13,0,NA,1,1,17,"http://elections.huffingtonpost.com/pollster/polls/monmouth-university-22377",NA,"Nonpartisan","None",3,"4","Thursday","07","July",3,"2015"
"177","Suffolk/USA Today",2015-07-09,2015-07-12,2015-07-16 00:19:28,434,"Likely Voters - Democrat","Live Phone",59,14,8,0,NA,0,2,16,"http://elections.huffingtonpost.com/pollster/polls/suffolk-usa-today-22380",NA,"Nonpartisan","None",3,"4","Thursday","07","July",3,"2015"
"178","YouGov/Economist",2015-07-04,2015-07-06,2015-07-10 01:26:41,309,"Registered Voters - Democrat","Internet",55,24,8,0,NA,0,1,8,"http://elections.huffingtonpost.com/pollster/polls/yougov-economist-22360",NA,"Nonpartisan","None",2,"6","Saturday","07","July",3,"2015"
"179","YouGov/Economist",2015-06-27,2015-06-29,2015-07-08 22:58:40,348,"Registered Voters - Democrat","Internet",59,19,9,0,NA,2,1,9,"http://elections.huffingtonpost.com/pollster/polls/yougov-economist-22352",NA,"Nonpartisan","None",2,"6","Saturday","06","June",2,"2015"
"180","CNN",2015-06-26,2015-06-28,2015-07-01 18:33:34,490,"Likely Voters - Democrat","Live Phone",58,15,17,0,NA,1,1,5,"http://elections.huffingtonpost.com/pollster/polls/cnn-22330",NA,"Nonpartisan","None",2,"5","Friday","06","June",2,"2015"
"181","FOX",2015-06-21,2015-06-23,2015-06-25 19:39:57,375,"Registered Voters - Democrat","Live Phone",61,15,11,0,NA,1,2,5,"http://elections.huffingtonpost.com/pollster/polls/fox-22300",NA,"Nonpartisan","None",2,"0","Sunday","06","June",2,"2015"
"182","YouGov/Economist",2015-06-20,2015-06-22,2015-06-25 23:20:39,311,"Registered Voters - Democrat","Internet",55,18,11,0,NA,2,0,12,"http://elections.huffingtonpost.com/pollster/polls/yougov-economist-22306",NA,"Nonpartisan","None",2,"6","Saturday","06","June",2,"2015"
"183","NBC/WSJ",2015-06-14,2015-06-18,2015-06-23 00:24:58,247,"Likely Voters - Democrat","Live Phone",75,15,NA,0,NA,2,4,3,"http://elections.huffingtonpost.com/pollster/polls/nbc-wsj-22284",NA,"Nonpartisan","None",4,"0","Sunday","06","June",2,"2015"
"184","YouGov/Economist",2015-06-13,2015-06-15,2015-06-19 19:38:31,312,"Registered Voters - Democrat","Internet",62,16,13,1,NA,1,1,6,"http://elections.huffingtonpost.com/pollster/polls/yougov-economist-22276",NA,"Nonpartisan","None",2,"6","Saturday","06","June",2,"2015"
"185","Monmouth University",2015-06-11,2015-06-14,2015-06-16 17:48:00,350,"Registered Voters - Democrat","Live Phone",57,12,12,0,NA,1,2,16,"http://elections.huffingtonpost.com/pollster/polls/monmouth-university-22255",NA,"Nonpartisan","None",3,"4","Thursday","06","June",2,"2015"
"186","PPP (D)",2015-06-11,2015-06-14,2015-06-17 18:33:48,471,"Likely Voters - Democrat","IVR/Online",65,9,NA,4,NA,5,4,12,"http://elections.huffingtonpost.com/pollster/polls/ppp-d-22258",NA,"Pollster","Dem",3,"4","Thursday","06","June",2,"2015"
"187","YouGov/Economist",2015-06-06,2015-06-08,2015-06-15 20:31:52,327,"Registered Voters - Democrat","Internet",57,11,13,2,NA,1,0,15,"http://elections.huffingtonpost.com/pollster/polls/yougov-economist-22247",NA,"Nonpartisan","None",2,"6","Saturday","06","June",2,"2015"
"188","FOX",2015-05-31,2015-06-02,2015-06-04 19:00:34,395,"Registered Voters - Democrat","Live Phone",57,11,8,1,NA,4,2,6,"http://elections.huffingtonpost.com/pollster/polls/fox-22210",NA,"Nonpartisan","None",2,"0","Sunday","05","May",2,"2015"
"189","YouGov/Economist",2015-05-30,2015-06-01,2015-06-05 22:05:57,327,"Registered Voters - Democrat","Internet",61,11,13,1,NA,2,0,11,"http://elections.huffingtonpost.com/pollster/polls/yougov-economist-22218",NA,"Nonpartisan","None",2,"6","Saturday","05","May",2,"2015"
"190","CNN",2015-05-29,2015-05-31,2015-06-02 20:14:56,433,"Adults - Democrat","Live Phone",60,10,14,0,NA,1,2,6,"http://elections.huffingtonpost.com/pollster/polls/cnn-22199",NA,"Nonpartisan","None",2,"5","Friday","05","May",2,"2015"
"191","ABC/Post",2015-05-28,2015-05-31,2015-06-02 20:49:13,376,"Registered Voters - Democrat","Live Phone",62,10,14,1,NA,3,1,6,"http://elections.huffingtonpost.com/pollster/polls/abc-post-22200",NA,"Nonpartisan","None",3,"4","Thursday","05","May",2,"2015"
"192","Quinnipiac",2015-05-19,2015-05-26,2015-05-28 21:52:59,748,"Registered Voters - Democrat","Live Phone",57,15,9,1,NA,1,1,16,"http://elections.huffingtonpost.com/pollster/polls/quinnipiac-22181",NA,"Nonpartisan","None",7,"2","Tuesday","05","May",2,"2015"
"193","YouGov/Economist",2015-05-23,2015-05-25,2015-05-29 01:14:54,309,"Registered Voters - Democrat","Internet",59,17,8,0,NA,3,1,10,"http://elections.huffingtonpost.com/pollster/polls/yougov-economist-22188",NA,"Nonpartisan","None",2,"6","Saturday","05","May",2,"2015"
"194","YouGov/Economist",2015-05-16,2015-05-18,2015-05-21 00:50:28,325,"Registered Voters - Democrat","Internet",60,12,11,NA,NA,2,3,11,"http://elections.huffingtonpost.com/pollster/polls/yougov-economist-22155",NA,"Nonpartisan","None",2,"6","Saturday","05","May",2,"2015"
"195","Robert Morris University",2015-05-08,2015-05-16,2015-06-04 23:18:44,312,"Adults - Democrat","Internet",56,5,8,NA,NA,1,NA,NA,"http://elections.huffingtonpost.com/pollster/polls/robert-morris-university-22215",NA,"Nonpartisan","None",8,"5","Friday","05","May",2,"2015"
"196","FOX",2015-05-09,2015-05-12,2015-05-14 19:14:57,370,"Registered Voters - Democrat","Live Phone",63,6,6,0,NA,0,2,6,"http://elections.huffingtonpost.com/pollster/polls/fox-22132",NA,"Nonpartisan","None",3,"6","Saturday","05","May",2,"2015"
"197","YouGov/Economist",2015-05-09,2015-05-11,2015-05-18 19:00:58,314,"Registered Voters - Democrat","Internet",64,16,7,NA,NA,0,1,8,"http://elections.huffingtonpost.com/pollster/polls/yougov-economist-22145",NA,"Nonpartisan","None",2,"6","Saturday","05","May",2,"2015"
"198","PPP (D)",2015-05-07,2015-05-10,2015-05-13 20:59:19,600,"Likely Voters - Democrat","IVR/Online",63,13,NA,5,NA,2,6,11,"http://elections.huffingtonpost.com/pollster/polls/ppp-d-22128",NA,"Pollster","Dem",3,"4","Thursday","05","May",2,"2015"
"199","YouGov/Economist",2015-05-02,2015-05-04,2015-05-07 02:08:35,329,"Registered Voters - Democrat","Internet",58,17,13,NA,NA,2,0,8,"http://elections.huffingtonpost.com/pollster/polls/yougov-economist-22109",NA,"Nonpartisan","None",2,"6","Saturday","05","May",2,"2015"
"200","YouGov/Economist",2015-04-25,2015-04-27,2015-05-01 23:25:02,329,"Registered Voters - Democrat","Internet",59,10,7,NA,NA,2,1,15,"http://elections.huffingtonpost.com/pollster/polls/yougov-economist-22090",NA,"Nonpartisan","None",2,"6","Saturday","04","April",2,"2015"
"201","FOX",2015-04-19,2015-04-21,2015-04-24 16:40:24,388,"Registered Voters - Democrat","Live Phone",62,4,9,0,NA,1,0,5,"http://elections.huffingtonpost.com/pollster/polls/fox-22059",NA,"Nonpartisan","None",2,"0","Sunday","04","April",2,"2015"
"202","Quinnipiac",2015-04-16,2015-04-21,2015-04-23 18:55:11,569,"Registered Voters - Democrat","Live Phone",60,8,10,0,NA,3,1,17,"http://elections.huffingtonpost.com/pollster/polls/quinnipiac-22054",NA,"Nonpartisan","None",5,"4","Thursday","04","April",2,"2015"
"203","YouGov/Economist",2015-04-18,2015-04-20,2015-04-23 20:19:36,336,"Registered Voters - Democrat","Internet",65,8,9,NA,NA,2,2,9,"http://elections.huffingtonpost.com/pollster/polls/yougov-economist-22055",NA,"Nonpartisan","None",2,"6","Saturday","04","April",2,"2015"
"204","CNN",2015-04-16,2015-04-19,2015-04-20 18:02:18,458,"Adults - Democrat","Live Phone",69,5,11,1,NA,1,3,5,"http://elections.huffingtonpost.com/pollster/polls/cnn-22036",NA,"Nonpartisan","None",3,"4","Thursday","04","April",2,"2015"
"205","YouGov/Economist",2015-04-11,2015-04-13,2015-04-16 00:21:33,319,"Registered Voters - Democrat","Internet",71,7,7,NA,NA,1,0,8,"http://elections.huffingtonpost.com/pollster/polls/yougov-economist-22021",NA,"Nonpartisan","None",2,"6","Saturday","04","April",2,"2015"
"206","Monmouth University",2015-03-30,2015-04-02,2015-04-07 18:45:22,356,"Registered Voters - Democrat","Live Phone",60,7,16,NA,NA,2,1,14,"http://elections.huffingtonpost.com/pollster/polls/monmouth-university-21981",NA,"Nonpartisan","None",3,"1","Monday","03","March",1,"2015"
"207","FOX",2015-03-29,2015-03-31,2015-04-03 21:16:49,397,"Registered Voters - Democrat","Live Phone",61,3,12,NA,NA,2,1,3,"http://elections.huffingtonpost.com/pollster/polls/fox-21968",NA,"Nonpartisan","None",2,"0","Sunday","03","March",1,"2015"
"208","PPP (D)",2015-03-26,2015-03-31,2015-04-07 19:48:07,449,"Likely Voters - Democrat","IVR/Online",54,6,7,NA,NA,3,2,13,"http://elections.huffingtonpost.com/pollster/polls/ppp-d-21983",NA,"Pollster","Dem",5,"4","Thursday","03","March",1,"2015"
"209","ABC/Post",2015-03-26,2015-03-29,2015-04-02 21:14:39,446,"Registered Voters - Democrat","Live Phone",66,5,12,NA,NA,0,1,5,"http://elections.huffingtonpost.com/pollster/polls/abc-post-21963",NA,"Nonpartisan","None",3,"4","Thursday","03","March",1,"2015"
"210","YouGov/Economist",2015-03-21,2015-03-23,2015-03-27 20:44:33,345,"Registered Voters - Democrat","Internet",64,7,11,NA,NA,3,1,7,"http://elections.huffingtonpost.com/pollster/polls/yougov-economist-21931",NA,"Nonpartisan","None",2,"6","Saturday","03","March",1,"2015"
"211","YouGov/Economist",2015-03-14,2015-03-16,2015-03-24 23:40:28,321,"Registered Voters - Democrat","Internet",61,9,8,NA,NA,2,1,11,"http://elections.huffingtonpost.com/pollster/polls/yougov-economist-21911",NA,"Nonpartisan","None",2,"6","Saturday","03","March",1,"2015"
"212","CNN",2015-03-13,2015-03-15,2015-03-19 00:55:37,466,"Adults - Democrat","Live Phone",62,3,15,NA,NA,1,1,3,"http://elections.huffingtonpost.com/pollster/polls/cnn-21887",NA,"Nonpartisan","None",2,"5","Friday","03","March",1,"2015"
"213","YouGov/Economist",2015-03-07,2015-03-09,2015-03-25 19:51:35,293,"Registered Voters - Democrat","Internet",59,7,13,NA,NA,4,0,9,"http://elections.huffingtonpost.com/pollster/polls/yougov-economist-21914",NA,"Nonpartisan","None",2,"6","Saturday","03","March",1,"2015"
"214","McClatchy/Marist",2015-03-01,2015-03-04,2015-03-09 19:46:00,462,"Adults - Democrat","Live Phone",60,5,13,NA,NA,1,1,9,"http://elections.huffingtonpost.com/pollster/polls/mcclatchy-marist-21830",NA,"Nonpartisan","None",3,"0","Sunday","03","March",1,"2015"
"215","Quinnipiac",2015-02-26,2015-03-02,2015-03-05 21:56:04,493,"Registered Voters - Democrat","Live Phone",56,4,10,NA,NA,0,1,15,"http://elections.huffingtonpost.com/pollster/polls/quinnipiac-21821",NA,"Nonpartisan","None",4,"4","Thursday","02","February",1,"2015"
"216","YouGov/Economist",2015-02-21,2015-02-23,2015-02-27 01:55:05,309,"Registered Voters - Democrat","Internet",68,8,12,NA,NA,0,2,5,"http://elections.huffingtonpost.com/pollster/polls/yougov-economist-21792",NA,"Nonpartisan","None",2,"6","Saturday","02","February",1,"2015"
"217","PPP (D)",2015-02-20,2015-02-22,2015-02-26 03:01:42,310,"Likely Voters - Democrat","IVR/Online",54,5,16,NA,NA,1,2,10,"http://elections.huffingtonpost.com/pollster/polls/ppp-d-21784",NA,"Pollster","Dem",2,"5","Friday","02","February",1,"2015"
"218","CNN",2015-02-12,2015-02-15,2015-02-18 23:55:19,1027,"Adults","Live Phone",61,3,14,NA,NA,1,2,3,"http://elections.huffingtonpost.com/pollster/polls/cnn-21748",NA,"Nonpartisan","None",3,"4","Thursday","02","February",1,"2015"
"219","FOX",2015-01-25,2015-01-27,2015-01-29 20:42:15,390,"Registered Voters - Democrat","Live Phone",55,3,17,NA,NA,2,1,3,"http://elections.huffingtonpost.com/pollster/polls/fox-21658",NA,"Nonpartisan","None",2,"0","Sunday","01","January",1,"2015"
"220","PPP (D)",2015-01-22,2015-01-25,2015-01-30 21:02:41,386,"Likely Voters - Democrat","IVR/Online",60,2,15,NA,NA,1,1,11,"http://elections.huffingtonpost.com/pollster/polls/ppp-d-21663",NA,"Pollster","Dem",3,"4","Thursday","01","January",1,"2015"
"221","Rasmussen",2015-01-18,2015-01-19,2015-01-27 00:04:07,648,"Likely Voters - Democrat","Automated Phone",59,4,6,NA,NA,2,3,9,"http://elections.huffingtonpost.com/pollster/polls/rasmussen-21646",NA,"Nonpartisan","None",1,"0","Sunday","01","January",1,"2015"
"222","YouGov/Economist",2015-01-10,2015-01-12,2015-01-15 00:35:02,353,"Registered Voters - Democrat","Internet",61,3,7,NA,NA,0,2,9,"http://elections.huffingtonpost.com/pollster/polls/yougov-economist-21599",NA,"Nonpartisan","None",2,"6","Saturday","01","January",1,"2015"
"223","CNN",2014-12-18,2014-12-21,2015-01-08 02:01:23,469,"Adults - Democrat","Live Phone",66,3,8,NA,NA,1,1,4,"http://elections.huffingtonpost.com/pollster/polls/cnn-21580",NA,"Nonpartisan","None",3,"4","Thursday","12","December",4,"2014"
"224","ABC/Post",2014-12-11,2014-12-14,2014-12-17 04:12:41,346,"Registered Voters - Democrat","Live Phone",61,4,14,NA,NA,0,3,4,"http://elections.huffingtonpost.com/pollster/polls/abc-post-21520",NA,"Nonpartisan","None",3,"4","Thursday","12","December",4,"2014"
"225","FOX",2014-12-07,2014-12-09,2014-12-17 04:31:55,409,"Registered Voters - Democrat","Live Phone",62,3,10,NA,NA,1,1,5,"http://elections.huffingtonpost.com/pollster/polls/fox-21521",NA,"Nonpartisan","None",2,"0","Sunday","12","December",4,"2014"
"226","McClatchy/Marist",2014-12-03,2014-12-09,2014-12-16 22:23:42,420,"Registered Voters - Democrat","Live Phone",62,4,11,NA,NA,1,1,11,"http://elections.huffingtonpost.com/pollster/polls/mcclatchy-marist-21519",NA,"Nonpartisan","None",6,"3","Wednesday","12","December",4,"2014"
"227","CNN",2014-11-21,2014-11-23,2014-12-03 18:29:51,457,"Adults - Democrat","Live Phone",65,5,9,NA,NA,0,1,4,"http://elections.huffingtonpost.com/pollster/polls/cnn-21482",NA,"Nonpartisan","None",2,"5","Friday","11","November",4,"2014"
"228","Quinnipiac",2014-11-18,2014-11-23,2014-12-03 17:55:56,610,"Registered Voters - Democrat","Live Phone",57,4,9,NA,NA,1,1,15,"http://elections.huffingtonpost.com/pollster/polls/quinnipiac-21481",NA,"Nonpartisan","None",5,"2","Tuesday","11","November",4,"2014"
"229","ABC/Post",2014-10-09,2014-10-12,2014-10-15 11:45:34,NA,"Registered Voters - Democrat","Live Phone",64,1,13,NA,NA,1,2,8,"http://elections.huffingtonpost.com/pollster/polls/abc-post-20885",NA,"Nonpartisan","None",3,"4","Thursday","10","October",4,"2014"
"230","FOX",2014-07-20,2014-07-22,2014-07-29 15:30:55,438,"Registered Voters - Democrat","Live Phone",64,NA,12,NA,NA,1,NA,4,"http://elections.huffingtonpost.com/pollster/polls/fox-19979",NA,"Nonpartisan","None",2,"0","Sunday","07","July",3,"2014"
"231","CNN",2014-07-18,2014-07-20,2014-07-28 18:06:10,449,"Adults - Democrat","Live Phone",67,NA,8,NA,NA,2,NA,3,"http://elections.huffingtonpost.com/pollster/polls/cnn-19958",NA,"Nonpartisan","None",2,"5","Friday","07","July",3,"2014"
"232","Quinnipiac",2014-06-24,2014-06-30,2014-07-08 15:18:21,610,"Registered Voters - Democrat","Live Phone",58,NA,9,NA,NA,1,NA,16,"http://elections.huffingtonpost.com/pollster/polls/quinnipiac-19810",NA,"Nonpartisan","None",6,"2","Tuesday","06","June",2,"2014"
"233","ABC/Post",2014-05-29,2014-06-01,2014-06-09 15:16:55,380,"Registered Voters - Democrat","Live Phone",66,2,12,NA,NA,1,2,6,"http://elections.huffingtonpost.com/pollster/polls/abc-post-19614",NA,"Nonpartisan","None",3,"4","Thursday","05","May",2,"2014"
"234","FOX",2014-04-13,2014-04-15,2014-04-17 14:27:44,395,"Registered Voters - Democrat","Live Phone",69,NA,14,NA,NA,1,NA,3,"http://elections.huffingtonpost.com/pollster/polls/fox-19256",NA,"Nonpartisan","None",2,"0","Sunday","04","April",2,"2014"
"235","Reason/Rupe",2014-03-26,2014-03-30,2014-04-03 15:31:19,NA,"Adults - Democrat","Live Phone",64,NA,11,NA,NA,NA,NA,16,"http://elections.huffingtonpost.com/pollster/polls/reason-rupe-19173",NA,"Nonpartisan","None",4,"3","Wednesday","03","March",1,"2014"
"236","CNN",2014-03-07,2014-03-09,2014-03-19 15:14:56,372,"Adults - Democrat","Live Phone",64,NA,13,NA,NA,4,NA,6,"http://elections.huffingtonpost.com/pollster/polls/cnn-19073",NA,"Nonpartisan","None",2,"5","Friday","03","March",1,"2014"
"237","PPP (D)",2014-03-06,2014-03-09,2014-03-14 16:16:21,429,"Likely Voters - Democrat","Automated Phone",66,NA,11,NA,NA,2,NA,7,"http://elections.huffingtonpost.com/pollster/polls/ppp-d-19043",NA,"Pollster","Dem",3,"4","Thursday","03","March",1,"2014"
"238","PPP (D)",2014-01-23,2014-01-26,2014-01-29 17:01:44,334,"Likely Voters - Democrat","Automated Phone",67,NA,7,NA,NA,1,NA,10,"http://elections.huffingtonpost.com/pollster/polls/ppp-d-18741",NA,"Pollster","Dem",3,"4","Thursday","01","January",1,"2014"
"239","ABC/Post",2014-01-20,2014-01-23,2014-01-30 16:35:35,NA,"Registered Voters - Democrat","Live Phone",73,NA,12,NA,NA,NA,NA,5,"http://elections.huffingtonpost.com/pollster/polls/abc-post-18754",NA,"Nonpartisan","None",3,"1","Monday","01","January",1,"2014"
"240","Quinnipiac",2014-01-15,2014-01-19,2014-01-21 19:08:29,803,"Registered Voters - Democrat","Live Phone",65,NA,8,NA,NA,1,NA,13,"http://elections.huffingtonpost.com/pollster/polls/quinnipiac-18703",NA,"Nonpartisan","None",4,"3","Wednesday","01","January",1,"2014"
"241","FOX",2013-12-14,2013-12-16,2013-12-18 23:35:41,412,"Registered Voters - Democrat","Live Phone",68,NA,12,NA,NA,1,NA,6,"http://elections.huffingtonpost.com/pollster/polls/fox-18575",NA,"Nonpartisan","None",2,"6","Saturday","12","December",4,"2013"
"242","PPP (D)",2013-12-12,2013-12-15,2013-12-18 19:09:04,453,"Likely Voters - Democrat","Automated Phone",66,NA,10,NA,NA,2,NA,7,"http://elections.huffingtonpost.com/pollster/polls/ppp-d-18568",NA,"Pollster","Dem",3,"4","Thursday","12","December",4,"2013"
"243","Quinnipiac",2013-12-03,2013-12-09,2013-12-11 23:45:55,1095,"Registered Voters - Democrat","Live Phone",66,NA,8,NA,NA,0,NA,13,"http://elections.huffingtonpost.com/pollster/polls/quinnipiac-18519",NA,"Nonpartisan","None",6,"2","Tuesday","12","December",4,"2013"
"244","McClatchy/Marist",2013-12-03,2013-12-05,2013-12-13 20:40:55,466,"Registered Voters - Democrat","Live Phone",65,NA,12,NA,NA,1,NA,9,"http://elections.huffingtonpost.com/pollster/polls/mcclatchy-marist-18533",NA,"Nonpartisan","None",2,"2","Tuesday","12","December",4,"2013"
"245","CNN",2013-11-18,2013-11-20,2013-12-02 23:40:55,374,"Adults - Democrat","Live Phone",63,NA,12,NA,NA,2,NA,6,"http://elections.huffingtonpost.com/pollster/polls/cnn-18475",NA,"Nonpartisan","None",2,"1","Monday","11","November",4,"2013"
"246","PPP (D)",2013-10-29,2013-10-31,2013-11-05 19:40:43,400,"Likely Voters - Democrat","Automated Phone",67,NA,12,NA,NA,2,NA,12,"http://elections.huffingtonpost.com/pollster/polls/ppp-d-18368",NA,"Pollster","Dem",2,"2","Tuesday","10","October",4,"2013"
"247","YouGov/Economist",2013-10-26,2013-10-28,2013-10-30 22:37:44,381,"Adults - Democrat","Internet",44,NA,10,NA,NA,3,NA,32,"http://elections.huffingtonpost.com/pollster/polls/yougov-economist-18325",NA,"Nonpartisan","None",2,"6","Saturday","10","October",4,"2013"
"248","YouGov",2013-09-30,2013-10-01,2013-12-13 20:14:16,341,"Adults - Democrat","Internet",57,NA,8,NA,NA,1,NA,23,"http://elections.huffingtonpost.com/pollster/polls/yougov-18531",NA,"Nonpartisan","None",1,"1","Monday","09","September",3,"2013"
"249","Quinnipiac",2013-09-23,2013-09-29,2013-10-02 17:17:47,692,"Registered Voters - Democrat","Live Phone",61,NA,11,NA,NA,0,NA,17,"http://elections.huffingtonpost.com/pollster/polls/quinnipiac-18116",NA,"Nonpartisan","None",6,"1","Monday","09","September",3,"2013"
"250","Rasmussen",2013-09-16,2013-09-17,2013-09-19 18:44:30,NA,"Likely Voters - Democrat","Automated Phone",77,NA,11,NA,NA,NA,NA,6,"http://elections.huffingtonpost.com/pollster/polls/rasmussen-17978",NA,"Nonpartisan","None",1,"1","Monday","09","September",3,"2013"
"251","CNN",2013-09-06,2013-09-08,2013-09-16 19:48:33,448,"Adults - Democrat","Live Phone",65,NA,10,NA,NA,2,NA,7,"http://elections.huffingtonpost.com/pollster/polls/cnn-17953",NA,"Nonpartisan","None",2,"5","Friday","09","September",3,"2013"
"252","Rasmussen",2013-08-01,2013-08-02,2013-08-06 15:18:47,380,"Likely Voters - Democrat","Automated Phone",63,NA,12,NA,NA,1,NA,9,"http://elections.huffingtonpost.com/pollster/polls/rasmussen-17777",NA,"Nonpartisan","None",1,"4","Thursday","08","August",3,"2013"
"253","PPP (D)",2013-07-19,2013-07-21,2013-07-26 20:22:53,418,"Likely Voters - Democrat","Automated Phone",52,NA,12,NA,NA,1,NA,17,"http://elections.huffingtonpost.com/pollster/polls/ppp-d-17738",NA,"Pollster","Dem",2,"5","Friday","07","July",3,"2013"
"254","McClatchy/Marist",2013-07-15,2013-07-18,2013-07-26 19:50:20,426,"Registered Voters - Democrat","Live Phone",63,NA,13,NA,NA,1,NA,18,"http://elections.huffingtonpost.com/pollster/polls/mcclatchy-marist-17737",NA,"Nonpartisan","None",3,"1","Monday","07","July",3,"2013"
"255","YouGov/Economist",2013-05-25,2013-05-27,2013-05-29 17:09:41,403,"Adults - Democrat","Internet",60,NA,14,NA,NA,3,NA,17,"http://elections.huffingtonpost.com/pollster/polls/yougov-economist-17467",NA,"Nonpartisan","None",2,"6","Saturday","05","May",2,"2013"
"256","YouGov/Economist",2013-05-18,2013-05-20,2013-05-22 17:52:33,407,"Adults - Democrat","Internet",64,NA,11,NA,NA,0,NA,20,"http://elections.huffingtonpost.com/pollster/polls/yougov-economist-17431",NA,"Nonpartisan","None",2,"6","Saturday","05","May",2,"2013"
"257","YouGov/Economist",2013-05-11,2013-05-13,2013-05-15 17:08:30,398,"Adults - Democrat","Internet",59,NA,9,NA,NA,1,NA,24,"http://elections.huffingtonpost.com/pollster/polls/yougov-economist-17400",NA,"Nonpartisan","None",2,"6","Saturday","05","May",2,"2013"
"258","PPP (D)",2013-05-06,2013-05-09,2013-05-15 16:18:48,589,"Likely Voters - Democrat","Automated Phone",63,NA,13,NA,NA,2,NA,10,"http://elections.huffingtonpost.com/pollster/polls/ppp-d-17399",NA,"Pollster","Dem",3,"1","Monday","05","May",2,"2013"
"259","Quinnipiac",2013-04-25,2013-04-29,2013-05-02 14:28:06,650,"Registered Voters - Democrat","Live Phone",65,NA,13,NA,NA,1,NA,14,"http://elections.huffingtonpost.com/pollster/polls/quinnipiac-17336",NA,"Nonpartisan","None",4,"4","Thursday","04","April",2,"2013"
"260","PPP (D)",2013-03-27,2013-03-30,2013-04-04 16:22:12,666,"Likely Voters - Democrat","Automated Phone",64,NA,18,NA,NA,1,NA,6,"http://elections.huffingtonpost.com/pollster/polls/ppp-d-17222",NA,"Pollster","Dem",3,"3","Wednesday","03","March",1,"2013"
"261","PPP (D)",2013-01-31,2013-02-03,2013-02-07 20:34:59,416,"Likely Voters - Democrat","Automated Phone",58,NA,19,NA,NA,1,NA,9,"http://elections.huffingtonpost.com/pollster/polls/ppp-d-16996",NA,"Pollster","Dem",3,"4","Thursday","01","January",1,"2013"
"262","PPP (D)",2013-01-31,2013-02-03,2014-03-24 20:23:45,416,"Likely Voters - Democrat","Automated Phone",58,NA,19,NA,NA,1,NA,9,"http://elections.huffingtonpost.com/pollster/polls/ppp-d-19115",NA,"Pollster","Dem",3,"4","Thursday","01","January",1,"2013"
"263","YouGov/Economist",2013-01-19,2013-01-21,2013-02-01 18:34:41,378,"Adults - Democrat","Internet",44,NA,11,NA,NA,2,NA,27,"http://elections.huffingtonpost.com/pollster/polls/yougov-economist-16964",NA,"Nonpartisan","None",2,"6","Saturday","01","January",1,"2013"
"264","YouGov/Economist",2013-01-12,2013-01-14,2013-02-01 17:14:07,390,"Adults - Democrat","Internet",48,NA,12,NA,NA,1,NA,NA,"http://elections.huffingtonpost.com/pollster/polls/yougov-economist-16963",NA,"Nonpartisan","None",2,"6","Saturday","01","January",1,"2013"
"265","PPP (D)",2013-01-03,2013-01-06,2013-01-08 12:08:17,400,"Likely Voters - Democrat","Automated Phone",57,NA,16,NA,NA,3,NA,10,"http://elections.huffingtonpost.com/pollster/polls/ppp-d-16866",NA,"Pollster","Dem",3,"4","Thursday","01","January",1,"2013"
"266","PPP (D)",2012-11-30,2012-12-02,2012-12-06 16:31:37,454,"Registered Voters - Democrat","Automated Phone",61,NA,12,NA,NA,2,NA,12,"http://elections.huffingtonpost.com/pollster/polls/ppp-d-16784",NA,"Pollster","Dem",2,"5","Friday","11","November",4,"2012"
