"","Pollster","Start.Date","End.Date","Entry.Date.Time","Number.of.Observations","Population","Mode","Trump","Cruz","Rubio","Carson","Kasich","Bush","Christie","Fiorina","Gilmore","Graham","Huckabee","Jindal","Pataki","Perry","Rand.Paul","Santorum","Walker","Undecided","Pollster.URL","Source.URL","Partisan","Affiliation","Poll.Length","DOW","Weekday","Month","MonthName","Quarter","Year"
"1","FOX",2016-02-15,2016-02-17,2016-02-18 23:08:04,404,"Likely Voters - Republican","Live Phone",36,19,15,9,8,9,NA,NA,NA,NA,NA,NA,NA,NA,NA,NA,NA,3,"http://elections.huffingtonpost.com/pollster/polls/fox-23803",NA,"Nonpartisan","None",2,"1","Monday","02","February",1,"2016"
"2","Ipsos/Reuters",2016-02-13,2016-02-17,2016-02-18 20:15:27,476,"Registered Voters - Republican","Internet",40,17,11,10,9,9,NA,NA,1,NA,NA,NA,NA,NA,NA,NA,NA,4,"http://elections.huffingtonpost.com/pollster/polls/ipsos-reuters-23799",NA,"Nonpartisan","None",4,"6","Saturday","02","February",1,"2016"
"3","Morning Consult",2016-02-15,2016-02-16,2016-02-17 11:44:02,662,"Registered Voters - Republican","Internet",41,12,14,11,3,7,NA,NA,NA,NA,NA,NA,NA,NA,NA,NA,NA,9,"http://elections.huffingtonpost.com/pollster/polls/morning-consult-23766",NA,"Nonpartisan","None",1,"1","Monday","02","February",1,"2016"
"4","NBC/WSJ",2016-02-14,2016-02-16,2016-02-17 21:05:54,400,"Likely Voters - Republican","Live Phone",26,28,17,10,11,4,NA,NA,NA,NA,NA,NA,NA,NA,NA,NA,NA,4,"http://elections.huffingtonpost.com/pollster/polls/nbc-wsj-23785",NA,"Pollster","Dem",2,"0","Sunday","02","February",1,"2016"
"5","CBS",2016-02-12,2016-02-16,2016-02-18 12:23:10,581,"Likely Voters - Republican","Live Phone",35,18,12,6,11,4,NA,NA,NA,NA,NA,NA,NA,NA,NA,NA,NA,NA,"http://elections.huffingtonpost.com/pollster/polls/cbs-23788",NA,"Nonpartisan","None",4,"5","Friday","02","February",1,"2016"
"6","Suffolk/USA Today",2016-02-11,2016-02-15,2016-02-17 17:22:40,358,"Likely Voters - Republican","Live Phone",35,20,17,4,7,6,NA,NA,NA,NA,NA,NA,NA,NA,NA,NA,NA,12,"http://elections.huffingtonpost.com/pollster/polls/suffolk-usa-today-23779",NA,"Nonpartisan","None",4,"4","Thursday","02","February",1,"2016"
"7","YouGov/Economist",2016-02-11,2016-02-15,2016-02-18 16:28:27,472,"Likely Voters - Republican","Internet",39,19,16,7,11,6,NA,NA,NA,NA,NA,NA,NA,NA,NA,NA,NA,1,"http://elections.huffingtonpost.com/pollster/polls/yougov-economist-23794",NA,"Nonpartisan","None",4,"4","Thursday","02","February",1,"2016"
"8","Quinnipiac",2016-02-10,2016-02-15,2016-02-17 11:36:57,602,"Registered Voters - Republican","Live Phone",39,18,19,4,6,4,NA,NA,NA,NA,NA,NA,NA,NA,NA,NA,NA,10,"http://elections.huffingtonpost.com/pollster/polls/quinnipiac-23765",NA,"Nonpartisan","None",5,"3","Wednesday","02","February",1,"2016"
"9","NBC/SurveyMonkey",2016-02-08,2016-02-14,2016-02-16 12:55:27,3411,"Registered Voters - Republican","Internet",38,18,14,8,7,4,NA,1,NA,NA,NA,NA,NA,NA,NA,NA,NA,6,"http://elections.huffingtonpost.com/pollster/polls/nbc-surveymonkey-23756",NA,"Nonpartisan","None",6,"1","Monday","02","February",1,"2016"
"10","Morning Consult",2016-02-10,2016-02-11,2016-02-12 15:34:31,710,"Registered Voters - Republican","Internet",44,17,10,10,4,8,NA,NA,NA,NA,NA,NA,NA,NA,NA,NA,NA,1,"http://elections.huffingtonpost.com/pollster/polls/morning-consult-23744",NA,"Nonpartisan","None",1,"3","Wednesday","02","February",1,"2016"
"11","Ipsos/Reuters",2016-02-06,2016-02-10,2016-02-11 16:07:52,513,"Registered Voters - Republican","Internet",35,23,14,11,2,7,3,3,NA,NA,NA,NA,NA,NA,NA,NA,NA,3,"http://elections.huffingtonpost.com/pollster/polls/ipsos-reuters-23740",NA,"Nonpartisan","None",4,"6","Saturday","02","February",1,"2016"
"12","Morning Consult",2016-02-03,2016-02-07,2016-02-09 22:39:37,1757,"Registered Voters - Republican","Internet",38,17,15,9,2,6,3,2,NA,NA,NA,NA,NA,NA,NA,NA,NA,8,"http://elections.huffingtonpost.com/pollster/polls/morning-consult-23731",NA,"Nonpartisan","None",4,"3","Wednesday","02","February",1,"2016"
"13","NBC/SurveyMonkey",2016-02-01,2016-02-07,2016-02-10 16:02:26,2887,"Registered Voters - Republican","Internet",35,20,17,7,3,3,3,2,0,NA,0,NA,NA,NA,2,0,NA,5,"http://elections.huffingtonpost.com/pollster/polls/nbc-surveymonkey-23733",NA,"Nonpartisan","None",6,"1","Monday","02","February",1,"2016"
"14","Rasmussen",2016-02-03,2016-02-04,2016-02-08 13:48:05,725,"Likely Voters - Republican","Automated Phone",31,20,21,5,6,4,3,3,NA,NA,NA,NA,NA,NA,NA,NA,NA,3,"http://elections.huffingtonpost.com/pollster/polls/rasmussen-23710",NA,"Nonpartisan","None",1,"3","Wednesday","02","February",1,"2016"
"15","Quinnipiac",2016-02-02,2016-02-04,2016-02-05 12:41:40,507,"Registered Voters - Republican","Live Phone",31,22,19,6,3,3,3,2,0,NA,NA,NA,NA,NA,NA,NA,NA,10,"http://elections.huffingtonpost.com/pollster/polls/quinnipiac-23675",NA,"Nonpartisan","None",2,"2","Tuesday","02","February",1,"2016"
"16","Morning Consult",2016-02-02,2016-02-03,2016-02-03 19:49:33,641,"Registered Voters","Internet",38,14,12,9,2,5,3,3,NA,NA,NA,NA,NA,NA,NA,1,NA,8,"http://elections.huffingtonpost.com/pollster/polls/morning-consult-23659",NA,"Nonpartisan","None",1,"2","Tuesday","02","February",1,"2016"
"17","PPP (D)",2016-02-02,2016-02-03,2016-02-04 15:29:43,531,"Likely Voters - Republican","IVR/Online",25,21,21,11,5,5,3,3,1,NA,NA,NA,NA,NA,5,0,NA,1,"http://elections.huffingtonpost.com/pollster/polls/ppp-d-23663",NA,"Pollster","Dem",1,"2","Tuesday","02","February",1,"2016"
"18","Ipsos/Reuters",2016-01-30,2016-02-03,2016-02-04 16:16:33,568,"Registered Voters - Republican","Internet",36,16,14,8,3,7,5,2,0,NA,2,NA,NA,NA,2,0,NA,4,"http://elections.huffingtonpost.com/pollster/polls/ipsos-reuters-23665",NA,"Nonpartisan","None",4,"6","Saturday","01","January",1,"2016"
"19","Morning Consult",2016-01-29,2016-02-01,2016-02-01 21:20:47,1491,"Registered Voters - Republican","Internet",41,12,8,9,2,7,3,1,NA,NA,3,NA,NA,NA,3,1,NA,8,"http://elections.huffingtonpost.com/pollster/polls/morning-consult-23648",NA,"Nonpartisan","None",3,"5","Friday","01","January",1,"2016"
"20","NBC/SurveyMonkey",2016-01-25,2016-01-31,2016-02-04 20:42:44,3057,"Registered Voters - Republican","Internet",39,20,12,7,3,3,3,2,0,NA,2,NA,NA,NA,3,1,NA,4,"http://elections.huffingtonpost.com/pollster/polls/nbc-surveymonkey-23669",NA,"Nonpartisan","None",6,"1","Monday","01","January",1,"2016"
"21","YouGov/Economist",2016-01-27,2016-01-30,2016-01-31 20:16:38,481,"Likely Voters - Republican","Internet",43,18,14,4,5,4,2,2,1,NA,2,NA,NA,NA,4,1,NA,NA,"http://elections.huffingtonpost.com/pollster/polls/yougov-economist-23634",NA,"Nonpartisan","None",3,"3","Wednesday","01","January",1,"2016"
"22","IBD/TIPP",2016-01-22,2016-01-27,2016-01-28 20:46:50,395,"Registered Voters - Republican","Live Phone",31,21,10,9,2,5,1,2,0,NA,1,NA,NA,NA,4,1,NA,12,"http://elections.huffingtonpost.com/pollster/polls/ibd-tipp-23624",NA,"Nonpartisan","None",5,"5","Friday","01","January",1,"2016"
"23","Bloomberg/Purple Strategies",2016-01-22,2016-01-26,2016-01-27 22:37:22,1021,"Likely Voters - Republican","Internet",34,12,14,9,4,7,2,2,0,NA,3,NA,NA,NA,3,1,NA,9,"http://elections.huffingtonpost.com/pollster/polls/bloomberg-purple-strategies-23612",NA,"Nonpartisan","None",4,"5","Friday","01","January",1,"2016"
"24","Morning Consult",2016-01-21,2016-01-24,2016-01-26 20:19:29,1552,"Registered Voters - Republican","Internet",40,11,9,10,2,7,3,1,NA,NA,3,NA,NA,NA,2,1,NA,10,"http://elections.huffingtonpost.com/pollster/polls/morning-consult-23600",NA,"Nonpartisan","None",3,"4","Thursday","01","January",1,"2016"
"25","CNN",2016-01-21,2016-01-24,2016-01-26 12:30:45,405,"Registered Voters - Republican","Live Phone",41,19,8,6,1,5,4,2,0,NA,3,NA,NA,NA,3,0,NA,5,"http://elections.huffingtonpost.com/pollster/polls/cnn-23592",NA,"Nonpartisan","None",3,"4","Thursday","01","January",1,"2016"
"26","ABC/Post",2016-01-20,2016-01-24,2016-01-26 12:15:42,356,"Registered Voters - Republican","Live Phone",37,21,11,7,2,5,4,3,NA,NA,2,NA,NA,NA,1,0,NA,6,"http://elections.huffingtonpost.com/pollster/polls/abc-post-23591",NA,"Nonpartisan","None",4,"3","Wednesday","01","January",1,"2016"
"27","Public Religion Research Institute",2016-01-20,2016-01-24,2016-01-28 00:32:10,381,"Adults - Republican","Live Phone",31,14,9,14,3,5,2,2,NA,NA,1,NA,NA,NA,3,NA,NA,15,"http://elections.huffingtonpost.com/pollster/polls/public-religion-research-institute-23613",NA,"Nonpartisan","None",4,"3","Wednesday","01","January",1,"2016"
"28","NBC/SurveyMonkey",2016-01-18,2016-01-24,2016-01-26 20:10:37,2327,"Registered Voters - Republican","Internet",39,17,10,8,3,4,3,2,0,NA,1,NA,NA,NA,3,0,NA,9,"http://elections.huffingtonpost.com/pollster/polls/nbc-surveymonkey-23599",NA,"Nonpartisan","None",6,"1","Monday","01","January",1,"2016"
"29","FOX",2016-01-18,2016-01-21,2016-01-22 23:15:55,405,"Likely Voters - Republican","Live Phone",34,20,11,8,4,4,3,1,1,NA,2,NA,NA,NA,2,0,NA,8,"http://elections.huffingtonpost.com/pollster/polls/fox-23563",NA,"Nonpartisan","None",3,"1","Monday","01","January",1,"2016"
"30","Zogby (Internet)",2016-01-19,2016-01-20,2016-01-22 20:37:51,294,"Likely Voters - Republican","Internet",45,13,8,4,3,6,2,3,NA,NA,2,NA,NA,NA,2,2,NA,10,"http://elections.huffingtonpost.com/pollster/polls/zogby-internet-23562",NA,"Nonpartisan","None",1,"2","Tuesday","01","January",1,"2016"
"31","Ipsos/Reuters",2016-01-16,2016-01-20,2016-01-21 15:54:49,588,"Adults - Republican","Internet",36,12,8,11,2,10,4,3,1,NA,2,NA,NA,NA,4,0,NA,6,"http://elections.huffingtonpost.com/pollster/polls/ipsos-reuters-23542",NA,"Nonpartisan","None",4,"6","Saturday","01","January",1,"2016"
"32","YouGov/Economist",2016-01-15,2016-01-19,2016-01-21 13:23:27,476,"Likely Voters - Republican","Internet",38,19,14,7,2,3,3,2,0,NA,2,NA,NA,NA,4,1,NA,3,"http://elections.huffingtonpost.com/pollster/polls/yougov-economist-23539",NA,"Nonpartisan","None",4,"5","Friday","01","January",1,"2016"
"33","Monmouth University",2016-01-15,2016-01-18,2016-01-20 16:03:48,385,"Registered Voters - Republican","Live Phone",36,17,11,8,3,5,3,1,0,NA,3,NA,NA,NA,2,1,NA,10,"http://elections.huffingtonpost.com/pollster/polls/monmouth-university-23533",NA,"Nonpartisan","None",3,"5","Friday","01","January",1,"2016"
"34","Morning Consult",2016-01-14,2016-01-17,2016-01-19 19:11:34,1635,"Registered Voters - Republican","Internet",39,13,9,8,2,7,3,2,NA,NA,3,NA,NA,NA,3,1,NA,9,"http://elections.huffingtonpost.com/pollster/polls/morning-consult-23526",NA,"Nonpartisan","None",3,"4","Thursday","01","January",1,"2016"
"35","NBC/SurveyMonkey",2016-01-11,2016-01-17,2016-01-19 18:44:51,3342,"Registered Voters - Republican","Internet",38,21,11,8,2,4,3,3,0,NA,2,NA,NA,NA,3,0,NA,5,"http://elections.huffingtonpost.com/pollster/polls/nbc-surveymonkey-23524",NA,"Nonpartisan","None",6,"1","Monday","01","January",1,"2016"
"36","Ipsos/Reuters",2016-01-09,2016-01-13,2016-01-14 16:55:11,575,"Adults - Republican","Internet",38,14,6,11,2,10,4,3,0,NA,3,NA,NA,NA,3,1,NA,5,"http://elections.huffingtonpost.com/pollster/polls/ipsos-reuters-23501",NA,"Nonpartisan","None",4,"6","Saturday","01","January",1,"2016"
"37","NBC/WSJ",2016-01-09,2016-01-13,2016-01-14 22:05:15,400,"Likely Voters - Republican","Live Phone",33,20,13,12,3,5,5,3,NA,NA,1,NA,NA,NA,3,NA,NA,2,"http://elections.huffingtonpost.com/pollster/polls/nbc-wsj-23504",NA,"Nonpartisan","None",4,"6","Saturday","01","January",1,"2016"
"38","YouGov/Economist",2016-01-09,2016-01-11,2016-01-13 16:09:41,552,"Likely Voters - Republican","Internet",36,20,11,6,3,5,4,3,0,NA,3,NA,NA,NA,3,2,NA,3,"http://elections.huffingtonpost.com/pollster/polls/yougov-economist-23492",NA,"Nonpartisan","None",2,"6","Saturday","01","January",1,"2016"
"39","Gravis Marketing/One America News",2016-01-10,2016-01-10,2016-01-12 03:26:32,832,"Likely Voters - Republican","Automated Phone",41,20,11,5,4,6,3,4,NA,NA,2,NA,NA,NA,2,0,NA,NA,"http://elections.huffingtonpost.com/pollster/polls/gravis-marketing-one-america-news-23477",NA,"Sponsor","Rep",0,"0","Sunday","01","January",1,"2016"
"40","Morning Consult",2016-01-08,2016-01-10,2016-01-14 16:33:59,878,"Registered Voters - Republican","Internet",42,10,9,12,2,5,4,1,NA,NA,2,NA,NA,NA,3,1,NA,8,"http://elections.huffingtonpost.com/pollster/polls/morning-consult-23500",NA,"Nonpartisan","None",2,"5","Friday","01","January",1,"2016"
"41","CBS/Times",2016-01-07,2016-01-10,2016-01-12 23:50:01,442,"Likely Voters - Republican","Live Phone",36,19,12,6,2,6,3,3,NA,NA,4,NA,NA,NA,1,0,NA,7,"http://elections.huffingtonpost.com/pollster/polls/cbs-times-23488",NA,"Nonpartisan","None",3,"4","Thursday","01","January",1,"2016"
"42","NBC/SurveyMonkey",2016-01-04,2016-01-10,2016-01-12 16:31:24,2852,"Registered Voters - Republican","Internet",38,20,11,9,2,3,3,2,0,NA,2,NA,NA,NA,3,0,NA,5,"http://elections.huffingtonpost.com/pollster/polls/nbc-surveymonkey-23479",NA,"Nonpartisan","None",6,"1","Monday","01","January",1,"2016"
"43","IBD/TIPP",2016-01-04,2016-01-08,2016-01-11 14:07:44,389,"Registered Voters - Republican","Live Phone",34,18,9,8,2,4,4,2,NA,NA,1,NA,NA,NA,3,NA,NA,11,"http://elections.huffingtonpost.com/pollster/polls/ibd-tipp-23468",NA,"Nonpartisan","None",4,"1","Monday","01","January",1,"2016"
"44","FOX",2016-01-04,2016-01-07,2016-01-08 23:44:48,423,"Likely Voters - Republican","Live Phone",35,20,13,10,2,4,2,3,0,NA,1,NA,NA,NA,2,0,NA,6,"http://elections.huffingtonpost.com/pollster/polls/fox-23457",NA,"Nonpartisan","None",3,"1","Monday","01","January",1,"2016"
"45","Ipsos/Reuters",2016-01-02,2016-01-06,2016-01-07 17:18:01,634,"Adults - Republican","Internet",41,15,8,11,1,8,3,1,0,NA,2,NA,NA,NA,3,1,NA,5,"http://elections.huffingtonpost.com/pollster/polls/ipsos-reuters-23449",NA,"Nonpartisan","None",4,"6","Saturday","01","January",1,"2016"
"46","YouGov/Economist",2015-12-31,2016-01-06,2016-01-10 22:15:48,469,"Likely Voters - Republican","Internet",36,19,13,6,4,4,4,3,0,NA,2,NA,NA,NA,5,1,NA,2,"http://elections.huffingtonpost.com/pollster/polls/yougov-economist-23466",NA,"Nonpartisan","None",6,"4","Thursday","12","December",4,"2015"
"47","NBC/SurveyMonkey",2015-12-28,2016-01-03,2016-01-05 13:21:29,949,"Registered Voters - Republican","Internet",35,18,13,9,2,6,4,3,0,NA,2,NA,NA,NA,2,1,NA,5,"http://elections.huffingtonpost.com/pollster/polls/nbc-surveymonkey-23438",NA,"Nonpartisan","None",6,"1","Monday","12","December",4,"2015"
"48","Ipsos/Reuters",2015-12-26,2015-12-30,2015-12-31 18:03:07,722,"Adults - Republican","Internet",39,14,12,12,1,6,2,1,0,NA,2,NA,0,NA,3,1,NA,6,"http://elections.huffingtonpost.com/pollster/polls/ipsos-reuters-23429",NA,"Nonpartisan","None",4,"6","Saturday","12","December",4,"2015"
"49","Ipsos/Reuters",2015-12-19,2015-12-23,2015-12-24 02:46:55,626,"Adults - Republican","Internet",39,13,9,10,2,7,3,2,0,NA,3,NA,0,NA,2,3,NA,6,"http://elections.huffingtonpost.com/pollster/polls/ipsos-reuters-23413",NA,"Nonpartisan","None",4,"6","Saturday","12","December",4,"2015"
"50","YouGov/Economist",2015-12-18,2015-12-21,2015-12-28 15:19:13,473,"Likely Voters - Republican","Internet",35,19,14,7,3,5,3,3,0,NA,1,NA,0,NA,6,1,NA,2,"http://elections.huffingtonpost.com/pollster/polls/yougov-economist-23414",NA,"Nonpartisan","None",3,"5","Friday","12","December",4,"2015"
"51","CNN",2015-12-17,2015-12-21,2015-12-23 12:12:21,438,"Registered Voters - Republican","Live Phone",39,18,10,10,2,3,5,1,0,1,2,NA,0,NA,4,0,NA,2,"http://elections.huffingtonpost.com/pollster/polls/cnn-23404",NA,"Nonpartisan","None",4,"4","Thursday","12","December",4,"2015"
"52","Emerson College Polling Society",2015-12-17,2015-12-20,2015-12-21 16:37:14,415,"Likely Voters - Republican","Automated Phone",36,21,13,7,3,6,6,5,NA,0,1,NA,NA,NA,1,NA,NA,1,"http://elections.huffingtonpost.com/pollster/polls/emerson-college-polling-society-23395",NA,"Nonpartisan","None",3,"4","Thursday","12","December",4,"2015"
"53","Quinnipiac",2015-12-16,2015-12-20,2015-12-22 14:45:28,508,"Registered Voters - Republican","Live Phone",28,24,12,10,1,4,6,2,0,0,1,NA,0,NA,2,1,NA,8,"http://elections.huffingtonpost.com/pollster/polls/quinnipiac-23400",NA,"Nonpartisan","None",4,"3","Wednesday","12","December",4,"2015"
"54","FOX",2015-12-16,2015-12-17,2015-12-18 23:04:23,402,"Likely Voters - Republican","Live Phone",39,18,11,9,2,3,3,3,0,0,1,NA,0,NA,3,1,NA,6,"http://elections.huffingtonpost.com/pollster/polls/fox-23385",NA,"Nonpartisan","None",1,"3","Wednesday","12","December",4,"2015"
"55","Morning Consult",2015-12-16,2015-12-17,2015-12-18 12:23:04,861,"Registered Voters - Republican","Mixed",36,11,9,12,NA,7,2,2,NA,NA,NA,NA,NA,NA,3,NA,NA,11,"http://elections.huffingtonpost.com/pollster/polls/morning-consult-23379",NA,"Nonpartisan","None",1,"3","Wednesday","12","December",4,"2015"
"56","PPP (D)",2015-12-16,2015-12-17,2015-12-18 19:45:56,532,"Likely Voters - Republican","IVR/Online",34,18,13,6,2,7,5,4,0,1,4,NA,0,NA,2,1,NA,2,"http://elections.huffingtonpost.com/pollster/polls/ppp-d-23380",NA,"Pollster","Dem",1,"3","Wednesday","12","December",4,"2015"
"57","Ipsos/Reuters",2015-12-12,2015-12-16,2015-12-17 18:34:40,730,"Adults - Republican","Internet",36,14,10,11,2,7,3,3,0,1,5,NA,0,NA,3,0,NA,6,"http://elections.huffingtonpost.com/pollster/polls/ipsos-reuters-23361",NA,"Nonpartisan","None",4,"6","Saturday","12","December",4,"2015"
"58","Morning Consult",2015-12-11,2015-12-15,2015-12-15 20:45:27,1530,"Registered Voters - Republican","Internet",40,9,7,10,2,7,3,3,NA,1,3,NA,1,NA,3,1,NA,11,"http://elections.huffingtonpost.com/pollster/polls/morning-consult-23333",NA,"Nonpartisan","None",4,"5","Friday","12","December",4,"2015"
"59","ABC/Post",2015-12-10,2015-12-13,2015-12-15 05:24:40,362,"Registered Voters - Republican","Live Phone",38,15,12,12,2,5,4,1,NA,1,1,NA,0,NA,2,0,NA,6,"http://elections.huffingtonpost.com/pollster/polls/abc-post-23326",NA,"Nonpartisan","None",3,"4","Thursday","12","December",4,"2015"
"60","Monmouth University",2015-12-10,2015-12-13,2015-12-14 17:20:35,385,"Registered Voters - Republican","Live Phone",41,14,10,9,3,3,2,2,0,1,2,NA,1,NA,2,0,NA,8,"http://elections.huffingtonpost.com/pollster/polls/monmouth-university-23317",NA,"Nonpartisan","None",3,"4","Thursday","12","December",4,"2015"
"61","NBC/WSJ",2015-12-06,2015-12-09,2015-12-13 16:36:01,400,"Likely Voters - Republican","Live Phone",27,22,15,11,2,7,3,5,NA,NA,3,NA,NA,NA,2,NA,NA,3,"http://elections.huffingtonpost.com/pollster/polls/nbc-wsj-23313",NA,"Nonpartisan","None",3,"0","Sunday","12","December",4,"2015"
"62","Ipsos/Reuters",2015-12-05,2015-12-09,2015-12-10 16:16:52,494,"Adults - Republican","Internet",37,11,12,13,2,5,4,2,0,2,2,NA,1,NA,1,1,NA,6,"http://elections.huffingtonpost.com/pollster/polls/ipsos-reuters-23297",NA,"Nonpartisan","None",4,"6","Saturday","12","December",4,"2015"
"63","YouGov/Economist",2015-12-04,2015-12-09,2015-12-10 20:02:45,455,"Likely Voters - Republican","Internet",34,15,17,9,3,4,3,4,0,0,3,NA,0,NA,6,0,NA,1,"http://elections.huffingtonpost.com/pollster/polls/yougov-economist-23301",NA,"Nonpartisan","None",5,"5","Friday","12","December",4,"2015"
"64","Gravis Marketing/One America News",2015-12-07,2015-12-08,2015-12-10 19:44:46,691,"Likely Voters - Republican","Automated Phone",42,16,11,9,3,6,4,3,NA,1,2,NA,NA,NA,2,1,NA,NA,"http://elections.huffingtonpost.com/pollster/polls/gravis-marketing-one-america-news-23300",NA,"Sponsor","Rep",1,"1","Monday","12","December",4,"2015"
"65","CBS/Times",2015-12-04,2015-12-08,2015-12-10 13:12:56,431,"Likely Voters - Republican","Live Phone",35,16,9,13,3,3,3,1,0,0,3,NA,0,NA,4,0,NA,7,"http://elections.huffingtonpost.com/pollster/polls/cbs-times-23293",NA,"Nonpartisan","None",4,"5","Friday","12","December",4,"2015"
"66","Zogby (Internet)",2015-12-07,2015-12-07,2015-12-10 01:29:33,271,"Likely Voters - Republican","Internet",38,8,12,13,1,7,4,3,0,0,1,NA,1,NA,1,0,NA,10,"http://elections.huffingtonpost.com/pollster/polls/zogby-internet-23291",NA,"Nonpartisan","None",0,"1","Monday","12","December",4,"2015"
"67","Morning Consult",2015-12-03,2015-12-07,2015-12-08 22:24:57,865,"Registered Voters - Republican","Internet",41,7,10,12,2,5,3,2,NA,1,3,NA,1,NA,2,0,NA,9,"http://elections.huffingtonpost.com/pollster/polls/morning-consult-23281",NA,"Nonpartisan","None",4,"4","Thursday","12","December",4,"2015"
"68","Public Religion Research Institute",2015-12-02,2015-12-06,2015-12-10 16:08:19,376,"Registered Voters - Republican","Live Phone",24,10,12,16,2,10,3,2,NA,NA,1,NA,NA,NA,4,NA,NA,14,"http://elections.huffingtonpost.com/pollster/polls/public-religion-research-institute-23296",NA,"Nonpartisan","None",4,"3","Wednesday","12","December",4,"2015"
"69","Suffolk/USA Today",2015-12-02,2015-12-06,2015-12-08 20:23:37,357,"Likely Voters - Republican","Live Phone",27,17,16,10,2,4,2,1,0,0,1,NA,0,NA,2,1,NA,17,"http://elections.huffingtonpost.com/pollster/polls/suffolk-usa-today-23278",NA,"Nonpartisan","None",4,"3","Wednesday","12","December",4,"2015"
"70","IBD/TIPP",2015-11-30,2015-12-04,2015-12-07 14:56:48,354,"Registered Voters - Republican","Live Phone",27,13,14,15,2,3,2,3,NA,0,2,NA,0,NA,2,0,NA,14,"http://elections.huffingtonpost.com/pollster/polls/ibd-tipp-23266",NA,"Nonpartisan","None",4,"1","Monday","11","November",4,"2015"
"71","Ipsos/Reuters",2015-11-28,2015-12-02,2015-12-03 17:32:37,385,"Adults - Republican","Internet",36,10,7,17,2,11,2,2,0,0,2,NA,0,NA,4,1,NA,5,"http://elections.huffingtonpost.com/pollster/polls/ipsos-reuters-23252",NA,"Nonpartisan","None",4,"6","Saturday","11","November",4,"2015"
"72","CNN",2015-11-27,2015-12-01,2015-12-04 12:16:32,445,"Registered Voters - Republican","Live Phone",36,16,12,14,2,3,4,3,0,0,2,0,0,NA,1,0,NA,6,"http://elections.huffingtonpost.com/pollster/polls/cnn-23258",NA,"Nonpartisan","None",4,"5","Friday","11","November",4,"2015"
"73","Quinnipiac",2015-11-23,2015-11-30,2015-12-02 12:04:16,672,"Registered Voters - Republican","Live Phone",27,16,17,16,2,5,2,3,0,0,1,NA,0,NA,2,0,NA,9,"http://elections.huffingtonpost.com/pollster/polls/quinnipiac-23247",NA,"Nonpartisan","None",7,"1","Monday","11","November",4,"2015"
"74","Ipsos/Reuters",2015-11-21,2015-11-25,2015-11-25 20:56:33,352,"Adults - Republican","Internet",37,11,10,9,3,6,4,3,3,0,3,NA,2,NA,2,0,NA,6,"http://elections.huffingtonpost.com/pollster/polls/ipsos-reuters-23238",NA,"Nonpartisan","None",4,"6","Saturday","11","November",4,"2015"
"75","Gravis Marketing/One America News",2015-11-23,2015-11-23,2015-11-25 15:31:26,523,"Likely Voters - Republican","Automated Phone",37,12,14,15,4,8,2,2,NA,2,2,NA,NA,NA,3,1,NA,NA,"http://elections.huffingtonpost.com/pollster/polls/gravis-marketing-one-america-news-23235",NA,"Sponsor","Rep",0,"1","Monday","11","November",4,"2015"
"76","YouGov/Economist",2015-11-19,2015-11-23,2015-11-25 14:14:12,600,"Likely Voters - Republican","Internet",36,12,14,10,4,6,3,4,0,1,2,NA,0,NA,4,0,NA,3,"http://elections.huffingtonpost.com/pollster/polls/yougov-economist-23233",NA,"Nonpartisan","None",4,"4","Thursday","11","November",4,"2015"
"77","ABC/Post",2015-11-16,2015-11-19,2015-11-22 15:00:37,373,"Registered Voters - Republican","Live Phone",32,8,11,22,3,6,2,4,NA,1,3,NA,NA,NA,3,1,NA,5,"http://elections.huffingtonpost.com/pollster/polls/abc-post-23205",NA,"Nonpartisan","None",3,"1","Monday","11","November",4,"2015"
"78","FOX",2015-11-16,2015-11-19,2015-11-22 15:14:04,434,"Likely Voters - Republican","Live Phone",28,14,14,18,2,5,3,3,NA,NA,3,NA,1,NA,2,NA,NA,5,"http://elections.huffingtonpost.com/pollster/polls/fox-23207",NA,"Nonpartisan","None",3,"1","Monday","11","November",4,"2015"
"79","Ipsos/Reuters",2015-11-14,2015-11-18,2015-11-19 18:29:31,1299,"Adults - Republican","Internet",37,8,11,14,2,6,3,3,0,0,3,1,0,NA,5,1,NA,6,"http://elections.huffingtonpost.com/pollster/polls/ipsos-reuters-23182",NA,"Nonpartisan","None",4,"6","Saturday","11","November",4,"2015"
"80","PPP (D)",2015-11-16,2015-11-17,2015-11-19 15:02:32,607,"Likely Voters - Republican","IVR/Online",26,14,13,19,3,5,3,4,0,1,4,0,1,NA,2,0,NA,2,"http://elections.huffingtonpost.com/pollster/polls/ppp-d-23174",NA,"Pollster","Dem",1,"1","Monday","11","November",4,"2015"
"81","Bloomberg/Selzer",2015-11-15,2015-11-17,2015-11-19 17:27:19,379,"Registered Voters - Republican","Live Phone",24,9,12,20,3,6,4,3,NA,1,3,NA,1,NA,3,1,NA,12,"http://elections.huffingtonpost.com/pollster/polls/bloomberg-selzer-23179",NA,"Nonpartisan","None",2,"0","Sunday","11","November",4,"2015"
"82","NBC/SurveyMonkey",2015-11-15,2015-11-17,2015-11-20 14:12:40,2440,"Registered Voters - Republican","Internet",28,18,11,18,2,4,3,3,0,0,2,1,0,NA,2,1,NA,6,"http://elections.huffingtonpost.com/pollster/polls/nbc-surveymonkey-23195",NA,"Nonpartisan","None",2,"0","Sunday","11","November",4,"2015"
"83","Morning Consult",2015-11-13,2015-11-16,2015-11-17 15:45:58,774,"Registered Voters - Republican","Internet",38,7,7,19,1,6,2,3,NA,1,3,0,0,NA,2,0,NA,9,"http://elections.huffingtonpost.com/pollster/polls/morning-consult-23158",NA,"Nonpartisan","None",3,"5","Friday","11","November",4,"2015"
"84","Rasmussen",2015-11-11,2015-11-12,2015-11-13 17:55:34,572,"Likely Voters - Republican","Automated Phone",27,13,16,20,NA,8,NA,4,NA,NA,NA,NA,NA,NA,NA,NA,NA,5,"http://elections.huffingtonpost.com/pollster/polls/rasmussen-23134",NA,"Nonpartisan","None",1,"3","Wednesday","11","November",4,"2015"
"85","Ipsos/Reuters",2015-11-07,2015-11-11,2015-11-17 21:36:06,555,"Adults - Republican","Internet",33,10,10,17,1,6,1,5,0,1,4,1,0,NA,3,2,NA,5,"http://elections.huffingtonpost.com/pollster/polls/ipsos-reuters-23166",NA,"Nonpartisan","None",4,"6","Saturday","11","November",4,"2015"
"86","Public Religion Research Institute",2015-11-06,2015-11-10,2015-11-23 16:21:55,147,"Likely Voters - Republican","Live Phone",20,10,9,27,3,8,3,2,NA,NA,6,NA,NA,NA,0,NA,NA,12,"http://elections.huffingtonpost.com/pollster/polls/public-religion-research-institute-23214",NA,"Nonpartisan","None",4,"5","Friday","11","November",4,"2015"
"87","YouGov/Economist",2015-11-05,2015-11-09,2015-11-10 19:09:31,446,"Registered Voters - Republican","Internet",32,10,13,18,4,3,3,3,1,1,4,2,0,NA,4,1,NA,NA,"http://elections.huffingtonpost.com/pollster/polls/yougov-economist-23108",NA,"Nonpartisan","None",4,"4","Thursday","11","November",4,"2015"
"88","Morning Consult",2015-11-05,2015-11-08,2015-11-10 17:55:28,1567,"Registered Voters - Republican","Internet",34,7,7,19,1,8,2,2,NA,0,3,1,0,NA,2,1,NA,11,"http://elections.huffingtonpost.com/pollster/polls/morning-consult-23107",NA,"Nonpartisan","None",3,"4","Thursday","11","November",4,"2015"
"89","Ipsos/Reuters",2015-10-31,2015-11-04,2015-11-05 18:36:49,618,"Adults - Republican","Internet",29,8,10,19,2,10,3,5,0,1,3,1,1,NA,2,0,NA,5,"http://elections.huffingtonpost.com/pollster/polls/ipsos-reuters-23076",NA,"Nonpartisan","None",4,"6","Saturday","10","October",4,"2015"
"90","McClatchy/Marist",2015-10-29,2015-11-04,2015-11-09 19:15:11,431,"Registered Voters - Republican","Live Phone",23,8,12,24,4,8,2,3,0,0,3,1,1,NA,5,1,NA,4,"http://elections.huffingtonpost.com/pollster/polls/mcclatchy-marist-23088",NA,"Nonpartisan","None",6,"4","Thursday","10","October",4,"2015"
"91","FOX",2015-11-01,2015-11-03,2015-11-04 23:23:33,476,"Likely Voters - Republican","Live Phone",26,11,11,23,4,4,2,3,0,0,4,0,0,NA,4,0,NA,5,"http://elections.huffingtonpost.com/pollster/polls/fox-23061",NA,"Nonpartisan","None",2,"0","Sunday","11","November",4,"2015"
"92","USC/LA Times/SurveyMonkey",2015-10-29,2015-11-03,2015-11-09 16:34:14,1292,"Registered Voters - Republican","Internet",25,10,12,21,2,4,1,4,0,0,2,1,0,NA,2,1,NA,13,"http://elections.huffingtonpost.com/pollster/polls/usc-la-times-surveymonkey-23085",NA,"Nonpartisan","None",5,"4","Thursday","10","October",4,"2015"
"93","Quinnipiac",2015-10-29,2015-11-02,2015-11-04 16:23:42,502,"Registered Voters - Republican","Live Phone",24,13,14,23,3,4,3,3,0,0,1,0,0,NA,2,1,NA,9,"http://elections.huffingtonpost.com/pollster/polls/quinnipiac-23059",NA,"Nonpartisan","None",4,"4","Thursday","10","October",4,"2015"
"94","Ipsos/Reuters",2015-10-28,2015-11-02,2015-11-04 23:38:47,635,"Adults - Republican","Internet",31,6,10,18,3,10,3,5,0,0,3,1,0,NA,3,1,NA,6,"http://elections.huffingtonpost.com/pollster/polls/ipsos-reuters-23062",NA,"Nonpartisan","None",5,"3","Wednesday","10","October",4,"2015"
"95","Morning Consult",2015-10-29,2015-11-01,2015-11-03 20:26:04,937,"Registered Voters - Republican","Internet",31,9,7,21,1,7,4,2,NA,0,3,1,1,NA,3,0,NA,10,"http://elections.huffingtonpost.com/pollster/polls/morning-consult-23056",NA,"Nonpartisan","None",3,"4","Thursday","10","October",4,"2015"
"96","Zogby (Internet)",2015-10-30,2015-10-31,2015-11-09 20:46:00,344,"Likely Voters - Republican","Internet",30,8,10,17,2,7,2,2,0,1,2,1,0,NA,4,1,NA,11,"http://elections.huffingtonpost.com/pollster/polls/zogby-internet-23090",NA,"Nonpartisan","None",1,"5","Friday","10","October",4,"2015"
"97","NBC/SurveyMonkey",2015-10-27,2015-10-29,2015-11-03 21:53:33,3387,"Registered Voters - Republican","Internet",26,10,9,26,2,5,2,4,0,0,2,0,0,NA,2,0,NA,8,"http://elections.huffingtonpost.com/pollster/polls/nbc-surveymonkey-23057",NA,"Nonpartisan","None",2,"2","Tuesday","10","October",4,"2015"
"98","NBC/WSJ",2015-10-25,2015-10-29,2015-11-02 23:33:31,400,"Likely Voters - Republican","Live Phone",23,10,11,29,3,8,3,3,0,0,3,0,0,NA,2,0,NA,4,"http://elections.huffingtonpost.com/pollster/polls/nbc-wsj-23050",NA,"Nonpartisan","None",4,"0","Sunday","10","October",4,"2015"
"99","IBD/TIPP",2015-10-24,2015-10-29,2015-10-31 22:19:16,402,"Registered Voters - Republican","Live Phone",28,6,11,23,1,6,1,3,NA,0,1,2,0,NA,2,1,NA,NA,"http://elections.huffingtonpost.com/pollster/polls/ibd-tipp-23038",NA,"Nonpartisan","None",5,"6","Saturday","10","October",4,"2015"
"100","Ipsos/Reuters",2015-10-24,2015-10-28,2015-10-29 16:44:01,584,"Adults - Republican","Internet",29,5,6,27,4,9,3,4,0,1,2,1,1,NA,3,0,NA,6,"http://elections.huffingtonpost.com/pollster/polls/ipsos-reuters-23026",NA,"Nonpartisan","None",4,"6","Saturday","10","October",4,"2015"
"101","YouGov/Economist",2015-10-23,2015-10-27,2015-10-28 18:21:17,447,"Registered Voters - Republican","Internet",32,8,11,18,4,8,2,3,0,1,2,1,0,NA,4,1,NA,3,"http://elections.huffingtonpost.com/pollster/polls/yougov-economist-23013",NA,"Nonpartisan","None",4,"5","Friday","10","October",4,"2015"
"102","Gravis Marketing/One America News",2015-10-26,2015-10-26,2015-10-27 21:27:20,906,"Registered Voters - Republican","Automated Phone",36,6,11,22,3,8,2,6,NA,2,3,0,0,NA,2,1,NA,NA,"http://elections.huffingtonpost.com/pollster/polls/gravis-marketing-one-america-news-23004",NA,"Sponsor","Rep",0,"1","Monday","10","October",4,"2015"
"103","Morning Consult",2015-10-22,2015-10-25,2015-10-26 21:12:38,714,"Registered Voters - Republican","Internet",35,3,6,20,2,8,3,3,NA,0,4,2,1,NA,3,1,NA,10,"http://elections.huffingtonpost.com/pollster/polls/morning-consult-22994",NA,"Nonpartisan","None",3,"4","Thursday","10","October",4,"2015"
"104","CBS/Times",2015-10-21,2015-10-25,2015-10-27 12:12:22,575,"Likely Voters - Republican","Live Phone",22,4,8,26,4,7,1,7,0,2,4,0,0,NA,4,1,NA,6,"http://elections.huffingtonpost.com/pollster/polls/cbs-times-22995",NA,"Nonpartisan","None",4,"3","Wednesday","10","October",4,"2015"
"105","Ipsos/Reuters",2015-10-17,2015-10-21,2015-10-23 17:26:32,806,"Adults - Republican","Internet",31,5,6,18,4,9,3,6,0,1,4,2,1,NA,3,1,NA,8,"http://elections.huffingtonpost.com/pollster/polls/ipsos-reuters-22974",NA,"Nonpartisan","None",4,"6","Saturday","10","October",4,"2015"
"106","Morning Consult",2015-10-15,2015-10-19,2015-10-20 17:31:31,770,"Registered Voters - Republican","Internet",40,5,5,14,2,6,4,3,NA,1,3,1,1,NA,2,1,NA,12,"http://elections.huffingtonpost.com/pollster/polls/morning-consult-22950",NA,"Nonpartisan","None",4,"4","Thursday","10","October",4,"2015"
"107","ABC/Post",2015-10-15,2015-10-18,2015-10-21 12:14:45,364,"Registered Voters - Republican","Live Phone",32,6,10,22,2,7,3,5,NA,1,3,0,1,NA,2,0,NA,3,"http://elections.huffingtonpost.com/pollster/polls/abc-post-22956",NA,"Nonpartisan","None",3,"4","Thursday","10","October",4,"2015"
"108","Monmouth University",2015-10-15,2015-10-18,2015-10-20 16:24:29,348,"Registered Voters - Republican","Live Phone",28,10,6,18,1,5,3,6,0,1,4,1,0,NA,4,0,NA,12,"http://elections.huffingtonpost.com/pollster/polls/monmouth-university-22949",NA,"Nonpartisan","None",3,"4","Thursday","10","October",4,"2015"
"109","NBC/WSJ",2015-10-15,2015-10-18,2015-10-19 21:14:25,400,"Likely Voters - Republican","Live Phone",25,9,13,22,3,8,1,7,0,0,3,0,0,NA,2,0,NA,6,"http://elections.huffingtonpost.com/pollster/polls/nbc-wsj-22940",NA,"Nonpartisan","None",3,"4","Thursday","10","October",4,"2015"
"110","Emerson College Polling Society",2015-10-16,2015-10-17,2015-10-20 18:55:01,403,"Likely Voters - Republican","Automated Phone",32,6,14,23,3,8,2,6,NA,NA,4,NA,NA,NA,0,0,NA,2,"http://elections.huffingtonpost.com/pollster/polls/emerson-college-polling-society-22951",NA,"Nonpartisan","None",1,"5","Friday","10","October",4,"2015"
"111","CNN",2015-10-14,2015-10-17,2015-10-20 14:11:20,298,"Registered Voters - Republican","Live Phone",27,4,8,22,3,8,4,4,0,1,5,0,0,NA,5,2,NA,6,"http://elections.huffingtonpost.com/pollster/polls/cnn-22943",NA,"Nonpartisan","None",3,"3","Wednesday","10","October",4,"2015"
"112","NBC/SurveyMonkey",2015-10-13,2015-10-15,2015-10-16 20:53:14,1881,"Registered Voters - Republican","Internet",28,6,9,23,3,5,2,6,0,0,3,1,0,NA,2,0,NA,7,"http://elections.huffingtonpost.com/pollster/polls/nbc-surveymonkey-22931",NA,"Nonpartisan","None",2,"2","Tuesday","10","October",4,"2015"
"113","Ipsos/Reuters",2015-10-10,2015-10-14,2015-10-16 21:05:43,492,"Adults - Republican","Internet",33,4,8,19,2,11,3,3,1,0,3,1,0,NA,4,1,NA,7,"http://elections.huffingtonpost.com/pollster/polls/ipsos-reuters-22933",NA,"Nonpartisan","None",4,"6","Saturday","10","October",4,"2015"
"114","Morning Consult",2015-10-08,2015-10-12,2015-10-13 15:48:47,749,"Registered Voters - Republican","Internet",34,5,5,20,3,9,2,5,NA,1,4,0,1,NA,3,1,NA,7,"http://elections.huffingtonpost.com/pollster/polls/morning-consult-22902",NA,"Nonpartisan","None",4,"4","Thursday","10","October",4,"2015"
"115","YouGov/Economist",2015-10-08,2015-10-12,2015-10-14 21:28:25,434,"Registered Voters - Republican","Internet",28,8,11,18,3,7,3,9,0,1,3,1,0,NA,3,0,NA,3,"http://elections.huffingtonpost.com/pollster/polls/yougov-economist-22919",NA,"Nonpartisan","None",4,"4","Thursday","10","October",4,"2015"
"116","CBS",2015-10-04,2015-10-08,2015-10-12 15:48:21,339,"Registered Voters - Republican","Live Phone",27,9,8,21,2,6,3,6,NA,NA,2,0,0,NA,4,1,NA,11,"http://elections.huffingtonpost.com/pollster/polls/cbs-22888",NA,"Nonpartisan","None",4,"0","Sunday","10","October",4,"2015"
"117","Ipsos/Reuters",2015-10-03,2015-10-07,2015-10-08 14:41:05,602,"Adults - Republican","Internet",31,4,7,17,1,14,3,7,0,0,4,0,0,NA,4,0,NA,7,"http://elections.huffingtonpost.com/pollster/polls/ipsos-reuters-22871",NA,"Nonpartisan","None",4,"6","Saturday","10","October",4,"2015"
"118","Morning Consult",2015-10-02,2015-10-05,2015-10-06 21:34:11,807,"Registered Voters - Republican","Internet",31,5,10,13,4,7,4,6,NA,1,2,0,1,NA,3,1,NA,10,"http://elections.huffingtonpost.com/pollster/polls/morning-consult-22858",NA,"Nonpartisan","None",3,"5","Friday","10","October",4,"2015"
"119","Fairleigh Dickinson",2015-10-01,2015-10-05,2015-10-08 22:22:35,305,"Registered Voters - Republican","Live Phone",26,5,8,22,1,7,3,7,0,0,6,1,0,NA,4,0,NA,9,"http://elections.huffingtonpost.com/pollster/polls/fairleigh-dickinson-22878",NA,"Nonpartisan","None",4,"4","Thursday","10","October",4,"2015"
"120","PPP (D)",2015-10-01,2015-10-04,2015-10-06 18:56:54,627,"Likely Voters - Republican","IVR/Online",27,7,13,17,4,10,2,6,0,1,4,1,1,NA,2,2,NA,3,"http://elections.huffingtonpost.com/pollster/polls/ppp-d-22856",NA,"Pollster","Dem",3,"4","Thursday","10","October",4,"2015"
"121","Public Religion Research Institute",2015-09-11,2015-10-04,2015-11-23 17:38:53,308,"Likely Voters - Republican","Live Phone",25,5,9,16,4,11,3,13,NA,NA,5,0,NA,NA,2,1,3,1,"http://elections.huffingtonpost.com/pollster/polls/public-religion-research-institute-23215",NA,"Nonpartisan","None",23,"5","Friday","09","September",3,"2015"
"122","Gravis Marketing/One America News",2015-09-30,2015-10-01,2015-10-07 17:07:13,898,"Likely Voters - Republican","Automated Phone",35,7,11,17,3,7,2,9,NA,0,5,0,0,NA,3,1,NA,NA,"http://elections.huffingtonpost.com/pollster/polls/gravis-marketing-one-america-news-22863",NA,"Sponsor","Rep",1,"3","Wednesday","09","September",3,"2015"
"123","IBD/TIPP",2015-09-26,2015-10-01,2015-10-05 15:55:07,377,"Registered Voters - Republican","Live Phone",17,6,11,24,4,8,2,9,NA,NA,2,NA,NA,NA,3,NA,NA,9,"http://elections.huffingtonpost.com/pollster/polls/ibd-tipp-22844",NA,"Nonpartisan","None",5,"6","Saturday","09","September",3,"2015"
"124","Ipsos/Reuters",2015-09-26,2015-09-30,2015-10-02 16:48:00,481,"Adults - Republican","Internet",32,5,7,12,1,10,5,8,1,0,3,1,0,NA,7,2,NA,6,"http://elections.huffingtonpost.com/pollster/polls/ipsos-reuters-22834",NA,"Nonpartisan","None",4,"6","Saturday","09","September",3,"2015"
"125","YouGov/Economist",2015-09-25,2015-09-29,2015-10-01 18:09:28,450,"Registered Voters - Republican","Internet",25,9,16,15,4,7,3,8,1,0,2,2,0,NA,4,1,NA,2,"http://elections.huffingtonpost.com/pollster/polls/yougov-economist-22830",NA,"Nonpartisan","None",4,"5","Friday","09","September",3,"2015"
"126","Suffolk/USA Today",2015-09-24,2015-09-28,2015-09-30 16:27:03,380,"Likely Voters - Republican","Live Phone",23,6,9,13,2,8,1,13,NA,1,2,1,0,NA,2,0,NA,18,"http://elections.huffingtonpost.com/pollster/polls/suffolk-usa-today-22822",NA,"Nonpartisan","None",4,"4","Thursday","09","September",3,"2015"
"127","Morning Consult",2015-09-24,2015-09-27,2015-09-29 19:40:45,637,"Registered Voters - Republican","Internet",30,5,9,15,1,10,4,9,NA,0,3,0,1,NA,3,1,NA,9,"http://elections.huffingtonpost.com/pollster/polls/morning-consult-22813",NA,"Nonpartisan","None",3,"4","Thursday","09","September",3,"2015"
"128","NBC/WSJ",2015-09-20,2015-09-24,2015-09-28 15:55:22,230,"Likely Voters - Republican","Live Phone",21,5,11,20,6,7,3,11,0,0,2,1,0,NA,3,1,NA,8,"http://elections.huffingtonpost.com/pollster/polls/nbc-wsj-22803",NA,"Nonpartisan","None",4,"0","Sunday","09","September",3,"2015"
"129","Ipsos/Reuters",2015-09-19,2015-09-23,2015-09-25 21:18:59,572,"Adults - Republican","Internet",30,5,6,18,3,10,3,8,2,1,3,1,0,NA,2,1,2,5,"http://elections.huffingtonpost.com/pollster/polls/ipsos-reuters-22797",NA,"Nonpartisan","None",4,"6","Saturday","09","September",3,"2015"
"130","FOX",2015-09-20,2015-09-22,2015-09-24 22:22:11,398,"Likely Voters - Republican","Live Phone",26,8,9,18,4,7,5,9,0,0,3,0,1,NA,2,0,NA,4,"http://elections.huffingtonpost.com/pollster/polls/fox-22789",NA,"Nonpartisan","None",2,"0","Sunday","09","September",3,"2015"
"131","Bloomberg/Selzer",2015-09-18,2015-09-21,2015-09-24 22:08:04,391,"Registered Voters - Republican","Live Phone",21,5,8,16,4,13,4,11,0,0,3,1,0,NA,2,1,1,10,"http://elections.huffingtonpost.com/pollster/polls/bloomberg-selzer-22787",NA,"Nonpartisan","None",3,"5","Friday","09","September",3,"2015"
"132","Quinnipiac",2015-09-17,2015-09-21,2015-09-24 22:15:01,737,"Registered Voters - Republican","Live Phone",25,7,9,17,2,10,2,12,0,0,2,0,1,NA,1,0,NA,9,"http://elections.huffingtonpost.com/pollster/polls/quinnipiac-22788",NA,"Nonpartisan","None",4,"4","Thursday","09","September",3,"2015"
"133","Morning Consult",2015-09-18,2015-09-20,2015-09-22 17:53:47,1551,"Registered Voters - Republican","Internet",32,5,5,12,2,11,4,6,NA,0,4,1,1,NA,3,1,3,9,"http://elections.huffingtonpost.com/pollster/polls/morning-consult-22771",NA,"Nonpartisan","None",2,"5","Friday","09","September",3,"2015"
"134","Zogby (Internet)",2015-09-18,2015-09-19,2015-09-22 18:52:41,405,"Likely Voters - Republican","Internet",33,5,4,13,4,9,3,7,0,1,2,0,0,NA,4,1,2,12,"http://elections.huffingtonpost.com/pollster/polls/zogby-internet-22775",NA,"Nonpartisan","None",1,"5","Friday","09","September",3,"2015"
"135","CNN",2015-09-17,2015-09-19,2015-09-21 19:19:45,924,"Registered Voters - Republican","Live Phone",24,6,11,14,2,9,3,15,0,0,6,0,0,NA,4,1,0,4,"http://elections.huffingtonpost.com/pollster/polls/cnn-22761",NA,"Nonpartisan","None",2,"4","Thursday","09","September",3,"2015"
"136","NBC/SurveyMonkey",2015-09-16,2015-09-18,2015-09-22 05:58:26,2070,"Registered Voters - Democrat","Internet",29,7,7,14,2,8,3,11,0,0,2,0,1,NA,3,0,3,6,"http://elections.huffingtonpost.com/pollster/polls/nbc-surveymonkey-22768",NA,"Nonpartisan","None",2,"3","Wednesday","09","September",3,"2015"
"137","Gravis Marketing/One America News",2015-09-16,2015-09-16,2015-09-18 22:31:36,1337,"Likely Voters - Republican","Automated Phone",22,6,15,12,4,6,4,22,1,0,2,1,0,NA,2,1,3,NA,"http://elections.huffingtonpost.com/pollster/polls/gravis-marketing-one-america-news-22755",NA,"Sponsor","Rep",0,"3","Wednesday","09","September",3,"2015"
"138","Ipsos/Reuters",2015-09-12,2015-09-16,2015-09-18 19:33:27,532,"Adults - Republican","Internet",35,5,3,14,2,8,6,2,0,0,7,1,0,NA,2,1,4,8,"http://elections.huffingtonpost.com/pollster/polls/ipsos-reuters-22748",NA,"Nonpartisan","None",4,"6","Saturday","09","September",3,"2015"
"139","YouGov/Economist",2015-09-11,2015-09-15,2015-09-18 04:06:51,436,"Registered Voters - Republican","Internet",33,8,7,17,3,7,2,6,0,1,2,0,1,0,4,1,5,4,"http://elections.huffingtonpost.com/pollster/polls/yougov-economist-22742",NA,"Nonpartisan","None",4,"5","Friday","09","September",3,"2015"
"140","Morning Consult",2015-09-11,2015-09-13,2015-09-18 03:24:39,756,"Registered Voters - Republican","Internet",33,6,3,17,2,9,2,3,NA,0,3,1,2,NA,5,1,2,10,"http://elections.huffingtonpost.com/pollster/polls/morning-consult-22738",NA,"Nonpartisan","None",2,"5","Friday","09","September",3,"2015"
"141","CBS/Times",2015-09-09,2015-09-13,2015-09-18 03:01:07,376,"Likely Voters - Republican","Live Phone",27,5,6,23,3,6,1,4,NA,0,6,0,0,1,3,1,2,9,"http://elections.huffingtonpost.com/pollster/polls/cbs-times-22735",NA,"Nonpartisan","None",4,"3","Wednesday","09","September",3,"2015"
"142","ABC/Post",2015-09-07,2015-09-10,2015-09-14 20:25:47,342,"Registered Voters - Republican","Live Phone",33,7,7,20,3,8,1,2,0,0,3,1,0,1,5,1,2,5,"http://elections.huffingtonpost.com/pollster/polls/abc-post-22723",NA,"Nonpartisan","None",3,"1","Monday","09","September",3,"2015"
"143","Ipsos/Reuters",2015-09-05,2015-09-09,2015-09-11 20:35:48,469,"Adults - Republican","Internet",35,6,4,12,3,8,3,2,0,1,5,2,0,2,3,2,6,8,"http://elections.huffingtonpost.com/pollster/polls/ipsos-reuters-22709",NA,"Nonpartisan","None",4,"6","Saturday","09","September",3,"2015"
"144","Emerson College Polling Society",2015-09-05,2015-09-08,2015-09-10 18:55:35,409,"Likely Voters - Republican","Automated Phone",34,6,8,20,4,12,1,3,NA,0,4,NA,NA,0,1,NA,5,2,"http://elections.huffingtonpost.com/pollster/polls/emerson-college-polling-society-22699",NA,"Nonpartisan","None",3,"6","Saturday","09","September",3,"2015"
"145","CNN",2015-09-04,2015-09-08,2015-09-10 18:22:16,474,"Registered Voters - Republican","Live Phone",32,7,3,19,2,9,2,3,0,1,5,1,0,0,3,1,5,4,"http://elections.huffingtonpost.com/pollster/polls/cnn-22698",NA,"Nonpartisan","None",4,"5","Friday","09","September",3,"2015"
"146","Morning Consult",2015-09-04,2015-09-07,2015-09-11 01:23:37,722,"Registered Voters - Republican","Internet",31,5,4,18,2,9,4,3,NA,1,4,1,0,3,2,1,4,9,"http://elections.huffingtonpost.com/pollster/polls/morning-consult-22702",NA,"Nonpartisan","None",3,"5","Friday","09","September",3,"2015"
"147","Monmouth University",2015-08-31,2015-09-02,2015-09-03 21:13:28,366,"Registered Voters - Republican","Live Phone",30,8,5,18,2,8,2,4,0,0,4,0,0,1,2,0,3,11,"http://elections.huffingtonpost.com/pollster/polls/monmouth-university-22655",NA,"Nonpartisan","None",2,"1","Monday","08","August",3,"2015"
"148","Ipsos/Reuters",2015-08-29,2015-09-02,2015-09-05 01:01:15,578,"Adults - Republican","Internet",31,6,3,15,5,12,2,3,0,0,6,1,0,2,2,1,5,6,"http://elections.huffingtonpost.com/pollster/polls/ipsos-reuters-22681",NA,"Nonpartisan","None",4,"6","Saturday","08","August",3,"2015"
"149","YouGov/Economist",2015-08-28,2015-09-01,2015-09-04 00:23:18,429,"Registered Voters - Republican","Internet",36,6,7,11,4,8,3,3,0,1,4,1,NA,0,4,1,6,5,"http://elections.huffingtonpost.com/pollster/polls/yougov-economist-22658",NA,"Nonpartisan","None",4,"5","Friday","08","August",3,"2015"
"150","Morning Consult",2015-08-28,2015-08-30,2015-09-01 01:13:04,769,"Registered Voters - Republican","Internet",37,4,6,9,2,9,3,3,NA,0,6,1,0,1,4,2,5,8,"http://elections.huffingtonpost.com/pollster/polls/morning-consult-22639",NA,"Nonpartisan","None",2,"5","Friday","08","August",3,"2015"
"151","PPP (D)",2015-08-28,2015-08-30,2015-09-01 18:52:32,572,"Likely Voters - Republican","IVR/Online",29,6,7,15,6,9,2,8,1,0,5,0,0,1,1,2,5,1,"http://elections.huffingtonpost.com/pollster/polls/ppp-d-22643",NA,"Pollster","Dem",2,"5","Friday","08","August",3,"2015"
"152","Ipsos/Reuters",2015-08-22,2015-08-26,2015-08-28 22:44:47,412,"Adults - Republican","Internet",30,5,5,8,1,7,2,5,1,1,10,1,0,3,5,1,5,10,"http://elections.huffingtonpost.com/pollster/polls/ipsos-reuters-22625",NA,"Nonpartisan","None",4,"6","Saturday","08","August",3,"2015"
"153","Quinnipiac",2015-08-20,2015-08-25,2015-08-27 20:23:23,666,"Registered Voters - Republican","Live Phone",28,7,7,12,5,7,4,5,0,0,3,0,0,1,2,1,6,11,"http://elections.huffingtonpost.com/pollster/polls/quinnipiac-22620",NA,"Nonpartisan","None",5,"4","Thursday","08","August",3,"2015"
"154","Gravis Marketing/One America News",2015-08-21,2015-08-22,2015-08-28 01:14:31,1211,"Likely Voters - Republican","Automated Phone",40,7,5,13,5,10,1,5,NA,1,4,1,1,2,2,1,4,NA,"http://elections.huffingtonpost.com/pollster/polls/gravis-marketing-one-america-news-22623",NA,"Sponsor","Rep",1,"5","Friday","08","August",3,"2015"
"155","Ipsos/Reuters",2015-08-15,2015-08-19,2015-08-22 01:07:31,291,"Adults - Republican","Internet",29,4,4,9,2,10,4,5,0,1,7,2,0,4,5,1,9,5,"http://elections.huffingtonpost.com/pollster/polls/ipsos-reuters-22595",NA,"Nonpartisan","None",4,"6","Saturday","08","August",3,"2015"
"156","Civis Analytics (D)",2015-08-10,2015-08-19,2015-08-27 19:36:25,757,"Likely Voters - Republican","Live Phone",16,7,7,11,3,9,2,3,0,0,7,0,0,2,3,1,5,24,"http://elections.huffingtonpost.com/pollster/polls/civis-analytics-d-22618",NA,"Pollster","Dem",9,"1","Monday","08","August",3,"2015"
"157","YouGov/Economist",2015-08-14,2015-08-18,2015-08-24 22:00:52,451,"Registered Voters - Republican","Internet",25,7,9,11,4,9,3,6,1,0,3,1,0,0,3,1,9,7,"http://elections.huffingtonpost.com/pollster/polls/yougov-economist-22601",NA,"Nonpartisan","None",4,"5","Friday","08","August",3,"2015"
"158","Morning Consult",2015-08-14,2015-08-16,2015-08-18 20:07:58,783,"Registered Voters - Republican","Internet",32,5,6,7,3,12,4,4,NA,1,6,1,0,2,4,1,3,11,"http://elections.huffingtonpost.com/pollster/polls/morning-consult-22573",NA,"Nonpartisan","None",2,"5","Friday","08","August",3,"2015"
"159","CNN",2015-08-13,2015-08-16,2015-08-18 18:08:54,506,"Registered Voters - Republican","Live Phone",24,5,8,9,5,13,3,5,0,0,4,0,0,2,6,1,8,4,"http://elections.huffingtonpost.com/pollster/polls/cnn-22572",NA,"Nonpartisan","None",3,"4","Thursday","08","August",3,"2015"
"160","FOX",2015-08-11,2015-08-13,2015-08-17 19:09:50,381,"Likely Voters - Republican","Live Phone",25,10,4,12,4,9,3,5,0,0,6,1,1,1,3,1,6,7,"http://elections.huffingtonpost.com/pollster/polls/fox-22562",NA,"Nonpartisan","None",2,"2","Tuesday","08","August",3,"2015"
"161","Ipsos/Reuters",2015-08-08,2015-08-12,2015-08-14 21:17:02,457,"Adults - Republican","Internet",21,5,8,8,1,12,3,6,NA,2,7,2,1,2,6,1,5,10,"http://elections.huffingtonpost.com/pollster/polls/ipsos-reuters-22559",NA,"Nonpartisan","None",4,"6","Saturday","08","August",3,"2015"
"162","Rasmussen",2015-08-09,2015-08-10,2015-08-12 01:40:22,651,"Likely Voters - Republican","Automated Phone",17,7,10,8,4,10,4,9,1,1,3,1,0,1,4,1,9,11,"http://elections.huffingtonpost.com/pollster/polls/rasmussen-22544",NA,"Nonpartisan","None",1,"0","Sunday","08","August",3,"2015"
"163","Ipsos/Reuters",2015-08-06,2015-08-10,2015-08-11 00:21:44,278,"Adults - Republican","Internet",24,5,8,8,4,12,1,6,NA,3,8,1,0,1,3,1,7,8,"http://elections.huffingtonpost.com/pollster/polls/ipsos-reuters-22529",NA,"Nonpartisan","None",4,"4","Thursday","08","August",3,"2015"
"164","Morning Consult",2015-08-07,2015-08-09,2015-08-10 21:38:34,746,"Registered Voters - Republican","Internet",32,4,6,9,3,11,4,3,NA,1,4,1,0,1,5,1,6,8,"http://elections.huffingtonpost.com/pollster/polls/morning-consult-22526",NA,"Nonpartisan","None",2,"5","Friday","08","August",3,"2015"
"165","NBC/SurveyMonkey",2015-08-07,2015-08-08,2015-08-10 20:33:47,1591,"Registered Voters - Republican","Internet",23,13,8,11,2,7,1,8,0,1,4,1,0,2,5,0,7,6,"http://elections.huffingtonpost.com/pollster/polls/nbc-surveymonkey-22522",NA,"Nonpartisan","None",1,"5","Friday","08","August",3,"2015"
"166","Ipsos/Reuters",2015-08-01,2015-08-05,2015-08-07 01:31:53,344,"Adults - Republican","Internet",24,6,4,5,3,16,3,1,NA,3,5,1,0,4,7,2,12,6,"http://elections.huffingtonpost.com/pollster/polls/ipsos-reuters-22515",NA,"Nonpartisan","None",4,"6","Saturday","08","August",3,"2015"
"167","Zogby (Internet)/ University of Akron",2015-08-03,2015-08-04,2015-08-05 21:11:30,565,"Likely Voters - Republican","Internet",26,5,3,2,1,17,3,1,0,0,3,2,1,2,3,1,5,25,"http://elections.huffingtonpost.com/pollster/polls/zogby-internet-university-of-akron-22495",NA,"Nonpartisan","None",1,"1","Monday","08","August",3,"2015"
"168","YouGov/Economist",2015-07-31,2015-08-04,2015-08-07 21:46:40,424,"Registered Voters - Republican","Internet",26,6,8,6,1,12,4,2,0,1,3,3,0,2,6,0,14,4,"http://elections.huffingtonpost.com/pollster/polls/yougov-economist-22516",NA,"Nonpartisan","None",4,"5","Friday","07","July",3,"2015"
"169","Morning Consult",2015-07-31,2015-08-03,2015-08-05 01:23:17,783,"Registered Voters - Republican","Internet",25,7,6,7,2,12,3,1,NA,0,5,3,1,3,5,2,8,10,"http://elections.huffingtonpost.com/pollster/polls/morning-consult-22487",NA,"Nonpartisan","None",3,"5","Friday","07","July",3,"2015"
"170","FOX",2015-07-30,2015-08-02,2015-08-04 02:31:58,475,"Likely Voters - Republican","Live Phone",26,6,5,7,3,15,3,2,0,0,6,1,0,1,5,2,9,7,"http://elections.huffingtonpost.com/pollster/polls/fox-22473",NA,"Nonpartisan","None",3,"4","Thursday","07","July",3,"2015"
"171","Monmouth University",2015-07-30,2015-08-02,2015-08-03 19:29:52,423,"Registered Voters - Republican","Live Phone",26,6,4,5,3,12,4,2,0,1,6,1,0,2,4,1,11,11,"http://elections.huffingtonpost.com/pollster/polls/monmouth-university-22461",NA,"Nonpartisan","None",3,"4","Thursday","07","July",3,"2015"
"172","Bloomberg/Selzer",2015-07-30,2015-08-02,2015-08-04 19:22:50,500,"Registered Voters - Republican","Live Phone",21,4,6,5,4,10,4,1,0,1,7,1,0,2,5,2,8,18,"http://elections.huffingtonpost.com/pollster/polls/bloomberg-selzer-22475",NA,"Nonpartisan","None",3,"4","Thursday","07","July",3,"2015"
"173","CBS",2015-07-29,2015-08-02,2015-08-04 20:36:21,408,"Likely Voters - Republican","Live Phone",24,6,6,6,1,13,3,0,1,1,8,2,1,2,4,1,10,12,"http://elections.huffingtonpost.com/pollster/polls/cbs-22476",NA,"Nonpartisan","None",4,"3","Wednesday","07","July",3,"2015"
"174","NBC/WSJ",2015-07-26,2015-07-30,2015-08-03 01:44:59,252,"Likely Voters - Republican","Live Phone",19,9,5,10,3,14,3,0,0,0,6,1,0,3,6,1,15,5,"http://elections.huffingtonpost.com/pollster/polls/nbc-wsj-22460",NA,"Nonpartisan","None",4,"0","Sunday","07","July",3,"2015"
"175","Gravis Marketing/One America News",2015-07-29,2015-07-29,2015-08-05 22:47:03,732,"Likely Voters - Republican","Automated Phone",31,6,5,6,5,13,3,2,NA,1,6,0,0,3,4,2,13,NA,"http://elections.huffingtonpost.com/pollster/polls/gravis-marketing-one-america-news-22497",NA,"Sponsor","Rep",0,"3","Wednesday","07","July",3,"2015"
"176","Rasmussen",2015-07-28,2015-07-29,2015-08-05 19:19:16,471,"Likely Voters - Republican","Automated Phone",26,7,5,5,5,10,2,1,NA,1,7,2,1,2,3,2,14,7,"http://elections.huffingtonpost.com/pollster/polls/rasmussen-22490",NA,"Nonpartisan","None",1,"2","Tuesday","07","July",3,"2015"
"177","Ipsos/Reuters",2015-07-25,2015-07-29,2015-08-05 00:43:28,409,"Adults - Republican","Internet",27,3,5,6,4,11,4,2,NA,2,5,2,2,3,7,2,7,8,"http://elections.huffingtonpost.com/pollster/polls/ipsos-reuters-22486",NA,"Nonpartisan","None",4,"6","Saturday","07","July",3,"2015"
"178","Emerson College Polling Society",2015-07-26,2015-07-28,2015-08-11 20:17:22,476,"Likely Voters - Republican","Automated Phone",31,8,4,5,2,15,2,3,NA,0,6,0,0,0,4,1,13,7,"http://elections.huffingtonpost.com/pollster/polls/emerson-college-polling-society-22537",NA,"Nonpartisan","None",2,"0","Sunday","07","July",3,"2015"
"179","Quinnipiac",2015-07-23,2015-07-28,2015-08-03 00:50:33,710,"Registered Voters - Republican","Live Phone",20,5,6,6,5,10,3,1,0,1,6,2,1,2,6,1,13,13,"http://elections.huffingtonpost.com/pollster/polls/quinnipiac-22459",NA,"Nonpartisan","None",5,"4","Thursday","07","July",3,"2015"
"180","Morning Consult",2015-07-23,2015-07-27,2015-07-29 21:10:26,750,"Registered Voters - Republican","Internet",24,4,5,8,4,13,5,1,NA,1,4,1,1,1,3,2,9,NA,"http://elections.huffingtonpost.com/pollster/polls/morning-consult-22452",NA,"Nonpartisan","None",4,"4","Thursday","07","July",3,"2015"
"181","CNN",2015-07-22,2015-07-25,2015-07-27 22:01:00,419,"Likely Voters - Republican","Live Phone",18,6,7,4,4,15,4,1,0,1,5,2,1,3,6,2,10,7,"http://elections.huffingtonpost.com/pollster/polls/cnn-22434",NA,"Nonpartisan","None",3,"3","Wednesday","07","July",3,"2015"
"182","PPP (D)",2015-07-20,2015-07-21,2015-07-23 17:55:26,524,"Likely Voters - Republican","IVR/Online",19,4,10,10,3,12,3,4,0,0,8,1,0,1,4,1,17,2,"http://elections.huffingtonpost.com/pollster/polls/ppp-d-22415",NA,"Pollster","Dem",1,"1","Monday","07","July",3,"2015"
"183","YouGov/Economist",2015-07-18,2015-07-20,2015-07-24 23:47:03,228,"Registered Voters - Republican","Internet",28,4,4,7,2,14,3,3,NA,2,3,1,0,2,5,1,13,8,"http://elections.huffingtonpost.com/pollster/polls/yougov-economist-22430",NA,"Nonpartisan","None",2,"6","Saturday","07","July",3,"2015"
"184","Morning Consult",2015-07-17,2015-07-20,2015-07-21 23:09:47,754,"Registered Voters - Republican","Internet",22,4,6,8,NA,15,4,2,NA,NA,7,NA,NA,NA,5,NA,12,12,"http://elections.huffingtonpost.com/pollster/polls/morning-consult-22405",NA,"Nonpartisan","None",3,"5","Friday","07","July",3,"2015"
"185","ABC/Post",2015-07-16,2015-07-19,2015-07-21 01:22:48,341,"Registered Voters - Republican","Live Phone",24,4,7,6,2,12,3,0,NA,0,8,2,1,4,6,1,13,7,"http://elections.huffingtonpost.com/pollster/polls/abc-post-22400",NA,"Nonpartisan","None",3,"4","Thursday","07","July",3,"2015"
"186","Wilson Perkins Allen Opinion Research (R-Cruz)",2015-07-14,2015-07-15,2015-07-28 01:30:19,800,"Likely Voters","Live Phone",15,8,6,8,NA,11,NA,NA,NA,NA,5,NA,NA,NA,4,NA,17,16,"http://elections.huffingtonpost.com/pollster/polls/wilson-perkins-allen-opinion-research-r-cruz-22446",NA,"Sponsor","Rep",1,"2","Tuesday","07","July",3,"2015"
"187","FOX",2015-07-13,2015-07-15,2015-07-17 02:36:39,389,"Likely Voters - Republican","Live Phone",18,4,7,6,2,14,3,1,NA,0,4,0,0,1,8,2,15,9,"http://elections.huffingtonpost.com/pollster/polls/fox-22386",NA,"Nonpartisan","None",2,"1","Monday","07","July",3,"2015"
"188","Lincoln Park Strategies (D)",2015-07-09,2015-07-14,2015-07-21 19:25:50,297,"Likely Voters - Republican","Internet",22,9,6,6,1,13,4,1,NA,0,5,0,0,3,5,2,8,16,"http://elections.huffingtonpost.com/pollster/polls/lincoln-park-strategies-d-22402",NA,"Nonpartisan","None",5,"4","Thursday","07","July",3,"2015"
"189","Morning Consult",2015-07-08,2015-07-13,2015-07-22 00:00:48,762,"Registered Voters - Republican","Internet",17,6,9,5,NA,19,6,2,NA,NA,6,NA,NA,NA,8,NA,7,13,"http://elections.huffingtonpost.com/pollster/polls/morning-consult-22406",NA,"Nonpartisan","None",5,"3","Wednesday","07","July",3,"2015"
"190","Monmouth University",2015-07-09,2015-07-12,2015-07-13 19:11:08,336,"Registered Voters - Republican","Live Phone",13,9,6,6,1,15,2,1,0,1,7,2,1,2,6,2,7,19,"http://elections.huffingtonpost.com/pollster/polls/monmouth-university-22371",NA,"Nonpartisan","None",3,"4","Thursday","07","July",3,"2015"
"191","Suffolk/USA Today",2015-07-09,2015-07-12,2015-07-15 02:48:40,349,"Likely Voters - Republican","Live Phone",17,6,5,4,1,14,3,1,NA,0,4,1,0,1,4,1,8,30,"http://elections.huffingtonpost.com/pollster/polls/suffolk-usa-today-22376",NA,"Nonpartisan","None",3,"4","Thursday","07","July",3,"2015"
"192","YouGov/Economist",2015-07-04,2015-07-06,2015-07-10 01:26:41,226,"Registered Voters - Republican","Internet",15,4,9,7,2,11,6,3,NA,0,9,2,0,3,11,2,9,5,"http://elections.huffingtonpost.com/pollster/polls/yougov-economist-22360",NA,"Nonpartisan","None",2,"6","Saturday","07","July",3,"2015"
"193","YouGov/Economist",2015-06-27,2015-06-29,2015-07-08 22:58:40,246,"Registered Voters - Republican","Internet",11,4,10,9,2,14,3,6,NA,2,6,3,0,2,11,1,12,5,"http://elections.huffingtonpost.com/pollster/polls/yougov-economist-22352",NA,"Nonpartisan","None",2,"6","Saturday","06","June",2,"2015"
"194","CNN",2015-06-26,2015-06-28,2015-07-01 18:33:34,407,"Likely Voters - Republican","Live Phone",12,3,7,8,3,17,3,1,NA,1,5,2,0,4,8,4,6,9,"http://elections.huffingtonpost.com/pollster/polls/cnn-22330",NA,"Nonpartisan","None",2,"5","Friday","06","June",2,"2015"
"195","FOX",2015-06-21,2015-06-23,2015-06-25 19:39:57,378,"Registered Voters - Republican","Live Phone",11,4,8,10,2,15,2,3,NA,1,6,2,1,2,9,3,9,9,"http://elections.huffingtonpost.com/pollster/polls/fox-22300",NA,"Nonpartisan","None",2,"0","Sunday","06","June",2,"2015"
"196","YouGov/Economist",2015-06-20,2015-06-22,2015-06-25 23:20:39,235,"Registered Voters - Republican","Internet",11,9,11,10,2,10,2,3,NA,2,6,0,0,2,11,2,10,8,"http://elections.huffingtonpost.com/pollster/polls/yougov-economist-22306",NA,"Nonpartisan","None",2,"6","Saturday","06","June",2,"2015"
"197","NBC/WSJ",2015-06-14,2015-06-18,2015-06-23 00:24:58,236,"Likely Voters - Republican","Live Phone",1,4,14,11,1,22,4,2,NA,1,9,0,0,5,7,0,17,1,"http://elections.huffingtonpost.com/pollster/polls/nbc-wsj-22284",NA,"Nonpartisan","None",4,"0","Sunday","06","June",2,"2015"
"198","YouGov/Economist",2015-06-13,2015-06-15,2015-06-19 19:38:31,235,"Registered Voters - Republican","Internet",2,3,10,9,4,14,4,6,NA,0,7,1,0,7,9,3,9,11,"http://elections.huffingtonpost.com/pollster/polls/yougov-economist-22276",NA,"Nonpartisan","None",2,"6","Saturday","06","June",2,"2015"
"199","Monmouth University",2015-06-11,2015-06-14,2015-06-15 18:57:24,351,"Registered Voters - Republican","Live Phone",2,5,9,11,1,9,4,2,NA,2,8,1,0,4,6,3,10,22,"http://elections.huffingtonpost.com/pollster/polls/monmouth-university-22246",NA,"Nonpartisan","None",3,"4","Thursday","06","June",2,"2015"
"200","PPP (D)",2015-06-11,2015-06-14,2015-06-17 18:33:48,492,"Likely Voters - Republican","IVR/Online",NA,8,13,12,NA,15,4,5,NA,NA,11,NA,NA,NA,8,NA,17,9,"http://elections.huffingtonpost.com/pollster/polls/ppp-d-22258",NA,"Pollster","Dem",3,"4","Thursday","06","June",2,"2015"
"201","YouGov/Economist",2015-06-06,2015-06-08,2015-06-15 20:31:52,343,"Registered Voters - Republican","Internet",NA,7,10,10,2,8,5,7,NA,5,7,1,0,2,9,4,7,14,"http://elections.huffingtonpost.com/pollster/polls/yougov-economist-22247",NA,"Nonpartisan","None",2,"6","Saturday","06","June",2,"2015"
"202","FOX",2015-05-31,2015-06-02,2015-06-04 19:00:34,370,"Registered Voters - Republican","Live Phone",4,8,7,11,2,12,5,2,NA,2,6,1,2,4,9,2,12,10,"http://elections.huffingtonpost.com/pollster/polls/fox-22210",NA,"Nonpartisan","None",2,"0","Sunday","05","May",2,"2015"
"203","YouGov/Economist",2015-05-30,2015-06-01,2015-06-05 22:05:57,255,"Registered Voters - Republican","Internet",NA,7,8,6,3,15,2,5,NA,1,9,1,0,2,10,3,12,14,"http://elections.huffingtonpost.com/pollster/polls/yougov-economist-22218",NA,"Nonpartisan","None",2,"6","Saturday","05","May",2,"2015"
"204","CNN",2015-05-29,2015-05-31,2015-06-02 20:14:56,483,"Adults - Republican","Live Phone",3,8,14,7,1,13,4,1,NA,1,10,1,3,5,8,2,10,3,"http://elections.huffingtonpost.com/pollster/polls/cnn-22199",NA,"Nonpartisan","None",2,"5","Friday","05","May",2,"2015"
"205","ABC/Post",2015-05-28,2015-05-31,2015-06-02 20:49:13,362,"Registered Voters - Republican","Live Phone",4,8,10,8,3,10,6,2,NA,1,9,0,1,2,11,4,11,8,"http://elections.huffingtonpost.com/pollster/polls/abc-post-22200",NA,"Nonpartisan","None",3,"4","Thursday","05","May",2,"2015"
"206","Quinnipiac",2015-05-19,2015-05-26,2015-05-28 21:52:59,679,"Registered Voters - Republican","Live Phone",5,6,10,10,2,10,4,2,NA,1,10,1,0,1,7,0,10,21,"http://elections.huffingtonpost.com/pollster/polls/quinnipiac-22181",NA,"Nonpartisan","None",7,"2","Tuesday","05","May",2,"2015"
"207","YouGov/Economist",2015-05-23,2015-05-25,2015-05-29 01:14:54,209,"Registered Voters - Republican","Internet",NA,6,16,12,1,10,3,2,NA,1,10,2,NA,4,9,0,13,7,"http://elections.huffingtonpost.com/pollster/polls/yougov-economist-22188",NA,"Nonpartisan","None",2,"6","Saturday","05","May",2,"2015"
"208","YouGov/Economist",2015-05-16,2015-05-18,2015-05-21 00:50:28,229,"Registered Voters - Republican","Internet",NA,4,12,11,4,7,7,2,NA,1,9,1,NA,2,10,1,17,11,"http://elections.huffingtonpost.com/pollster/polls/yougov-economist-22155",NA,"Nonpartisan","None",2,"6","Saturday","05","May",2,"2015"
"209","Robert Morris University",2015-05-08,2015-05-16,2015-06-04 23:18:44,255,"Adults - Republican","Internet",NA,7,15,7,NA,15,8,NA,NA,NA,8,NA,NA,NA,2,1,14,NA,"http://elections.huffingtonpost.com/pollster/polls/robert-morris-university-22215",NA,"Nonpartisan","None",8,"5","Friday","05","May",2,"2015"
"210","FOX",2015-05-09,2015-05-12,2015-05-14 19:14:57,413,"Registered Voters - Republican","Live Phone",4,6,9,13,2,13,6,1,NA,0,10,1,0,2,7,2,11,10,"http://elections.huffingtonpost.com/pollster/polls/fox-22132",NA,"Nonpartisan","None",3,"6","Saturday","05","May",2,"2015"
"211","YouGov/Economist",2015-05-09,2015-05-11,2015-05-18 19:00:58,246,"Registered Voters - Republican","Internet",NA,8,17,9,1,10,3,4,NA,1,11,1,NA,1,6,2,14,9,"http://elections.huffingtonpost.com/pollster/polls/yougov-economist-22145",NA,"Nonpartisan","None",2,"6","Saturday","05","May",2,"2015"
"212","PPP (D)",2015-05-07,2015-05-10,2015-05-13 20:59:19,685,"Likely Voters - Republican","IVR/Online",NA,10,13,12,NA,11,5,NA,NA,NA,12,NA,NA,2,9,NA,18,7,"http://elections.huffingtonpost.com/pollster/polls/ppp-d-22128",NA,"Pollster","Dem",3,"4","Thursday","05","May",2,"2015"
"213","YouGov/Economist",2015-05-02,2015-05-04,2015-05-07 02:08:35,218,"Registered Voters - Republican","Internet",NA,7,11,4,5,14,7,0,NA,0,7,0,NA,6,9,1,16,9,"http://elections.huffingtonpost.com/pollster/polls/yougov-economist-22109",NA,"Nonpartisan","None",2,"6","Saturday","05","May",2,"2015"
"214","NBC/WSJ",2015-04-26,2015-04-30,2015-05-05 17:31:12,251,"Likely Voters - Republican","Live Phone",NA,11,18,7,NA,23,5,1,NA,NA,5,NA,NA,2,11,NA,14,3,"http://elections.huffingtonpost.com/pollster/polls/nbc-wsj-22096",NA,"Nonpartisan","None",4,"0","Sunday","04","April",2,"2015"
"215","YouGov/Economist",2015-04-25,2015-04-27,2015-05-01 23:25:02,233,"Registered Voters - Republican","Internet",NA,7,17,5,2,9,5,2,NA,2,6,2,NA,2,8,1,19,9,"http://elections.huffingtonpost.com/pollster/polls/yougov-economist-22090",NA,"Nonpartisan","None",2,"6","Saturday","04","April",2,"2015"
"216","FOX",2015-04-19,2015-04-21,2015-04-24 16:40:24,383,"Registered Voters - Republican","Live Phone",5,8,13,6,2,9,6,0,NA,1,9,1,1,2,10,1,12,9,"http://elections.huffingtonpost.com/pollster/polls/fox-22059",NA,"Nonpartisan","None",2,"0","Sunday","04","April",2,"2015"
"217","Quinnipiac",2015-04-16,2015-04-21,2015-04-23 18:55:11,567,"Registered Voters - Republican","Live Phone",NA,9,15,3,2,13,7,1,NA,2,7,1,NA,3,8,2,11,15,"http://elections.huffingtonpost.com/pollster/polls/quinnipiac-22054",NA,"Nonpartisan","None",5,"4","Thursday","04","April",2,"2015"
"218","YouGov/Economist",2015-04-18,2015-04-20,2015-04-23 20:19:36,220,"Registered Voters - Republican","Internet",NA,11,9,10,1,13,6,1,NA,0,5,2,NA,2,11,1,15,10,"http://elections.huffingtonpost.com/pollster/polls/yougov-economist-22055",NA,"Nonpartisan","None",2,"6","Saturday","04","April",2,"2015"
"219","CNN",2015-04-16,2015-04-19,2015-04-20 18:02:18,435,"Adults - Republican","Live Phone",NA,7,11,4,2,17,4,2,NA,2,9,2,0,3,11,3,12,7,"http://elections.huffingtonpost.com/pollster/polls/cnn-22036",NA,"Nonpartisan","None",3,"4","Thursday","04","April",2,"2015"
"220","YouGov/Economist",2015-04-11,2015-04-13,2015-04-16 00:21:33,228,"Registered Voters - Republican","Internet",NA,13,7,7,2,12,4,3,NA,2,4,1,NA,4,13,2,14,12,"http://elections.huffingtonpost.com/pollster/polls/yougov-economist-22021",NA,"Nonpartisan","None",2,"6","Saturday","04","April",2,"2015"
"221","Monmouth University",2015-03-30,2015-04-02,2015-04-06 20:46:54,355,"Registered Voters - Republican","Live Phone",7,11,5,7,1,13,5,1,NA,1,9,1,0,5,6,1,11,16,"http://elections.huffingtonpost.com/pollster/polls/monmouth-university-21979",NA,"Nonpartisan","None",3,"1","Monday","03","March",1,"2015"
"222","FOX",2015-03-29,2015-03-31,2015-04-03 21:16:49,379,"Registered Voters - Republican","Live Phone",3,10,8,11,1,12,4,1,NA,0,10,2,1,3,9,2,15,6,"http://elections.huffingtonpost.com/pollster/polls/fox-21968",NA,"Nonpartisan","None",2,"0","Sunday","03","March",1,"2015"
"223","PPP (D)",2015-03-26,2015-03-31,2015-04-01 20:59:10,443,"Likely Voters - Republican","IVR/Online",NA,16,6,10,NA,17,4,NA,NA,NA,6,NA,NA,3,10,NA,20,8,"http://elections.huffingtonpost.com/pollster/polls/ppp-d-21958",NA,"Pollster","Dem",5,"4","Thursday","03","March",1,"2015"
"224","ABC/Post",2015-03-26,2015-03-29,2015-04-02 21:14:39,444,"Registered Voters - Republican","Live Phone",NA,12,8,6,1,21,7,1,NA,1,8,1,NA,2,8,2,13,8,"http://elections.huffingtonpost.com/pollster/polls/abc-post-21963",NA,"Nonpartisan","None",3,"4","Thursday","03","March",1,"2015"
"225","YouGov/Economist",2015-03-21,2015-03-23,2015-03-27 20:44:33,235,"Registered Voters - Republican","Internet",NA,8,5,10,2,14,6,3,NA,1,5,2,NA,5,5,1,19,11,"http://elections.huffingtonpost.com/pollster/polls/yougov-economist-21931",NA,"Nonpartisan","None",2,"6","Saturday","03","March",1,"2015"
"226","CNN",2015-03-13,2015-03-15,2015-03-19 00:55:37,450,"Adults - Republican","Live Phone",NA,4,7,9,2,16,7,0,NA,1,10,1,NA,4,12,1,13,9,"http://elections.huffingtonpost.com/pollster/polls/cnn-21887",NA,"Nonpartisan","None",2,"5","Friday","03","March",1,"2015"
"227","McClatchy/Marist",2015-03-01,2015-03-04,2015-03-09 19:46:00,426,"Adults - Republican","Live Phone",NA,4,5,9,NA,19,6,2,NA,1,10,NA,NA,3,7,2,18,13,"http://elections.huffingtonpost.com/pollster/polls/mcclatchy-marist-21830",NA,"Nonpartisan","None",3,"0","Sunday","03","March",1,"2015"
"228","Quinnipiac",2015-02-26,2015-03-02,2015-03-05 21:56:04,554,"Registered Voters - Republican","Live Phone",NA,6,5,7,1,16,8,NA,NA,1,8,2,NA,1,6,2,18,19,"http://elections.huffingtonpost.com/pollster/polls/quinnipiac-21821",NA,"Nonpartisan","None",4,"4","Thursday","02","February",1,"2015"
"229","YouGov/Economist",2015-02-21,2015-02-23,2015-02-27 01:55:05,255,"Registered Voters - Republican","Internet",NA,5,8,6,1,16,7,0,NA,3,10,3,NA,3,10,2,18,5,"http://elections.huffingtonpost.com/pollster/polls/yougov-economist-21792",NA,"Nonpartisan","None",2,"6","Saturday","02","February",1,"2015"
"230","PPP (D)",2015-02-20,2015-02-22,2015-02-24 23:40:15,316,"Likely Voters - Republican","IVR/Online",NA,5,3,18,NA,17,5,NA,NA,NA,10,NA,NA,3,4,NA,25,11,"http://elections.huffingtonpost.com/pollster/polls/ppp-d-21776",NA,"Pollster","Dem",2,"5","Friday","02","February",1,"2015"
"231","CNN",2015-02-12,2015-02-15,2015-02-18 23:55:19,1027,"Adults","Live Phone",NA,3,5,8,2,14,7,1,NA,1,16,1,NA,3,10,3,11,10,"http://elections.huffingtonpost.com/pollster/polls/cnn-21748",NA,"Nonpartisan","None",3,"4","Thursday","02","February",1,"2015"
"232","FOX",2015-01-25,2015-01-27,2015-01-29 20:42:15,394,"Registered Voters - Republican","Live Phone",NA,4,5,9,1,10,4,NA,NA,1,11,2,NA,4,11,1,8,5,"http://elections.huffingtonpost.com/pollster/polls/fox-21658",NA,"Nonpartisan","None",2,"0","Sunday","01","January",1,"2015"
"233","PPP (D)",2015-01-22,2015-01-25,2015-01-30 21:02:41,400,"Likely Voters - Republican","IVR/Online",NA,9,NA,15,NA,17,7,NA,NA,NA,9,NA,NA,2,4,NA,11,5,"http://elections.huffingtonpost.com/pollster/polls/ppp-d-21663",NA,"Pollster","Dem",3,"4","Thursday","01","January",1,"2015"
"234","YouGov/Economist",2015-01-10,2015-01-12,2015-01-15 00:35:02,212,"Registered Voters - Republican","Internet",NA,9,2,10,NA,12,3,NA,NA,0,8,NA,NA,2,8,NA,6,6,"http://elections.huffingtonpost.com/pollster/polls/yougov-economist-21599",NA,"Nonpartisan","None",2,"6","Saturday","01","January",1,"2015"
"235","CNN",2014-12-18,2014-12-21,2015-01-08 02:01:23,453,"Adults - Republican","Live Phone",NA,4,5,7,3,23,13,NA,NA,NA,6,4,NA,4,6,2,4,8,"http://elections.huffingtonpost.com/pollster/polls/cnn-21580",NA,"Nonpartisan","None",3,"4","Thursday","12","December",4,"2014"
"236","ABC/Post",2014-12-11,2014-12-14,2014-12-17 04:12:41,410,"Registered Voters - Republican","Live Phone",NA,6,4,7,2,10,6,NA,NA,NA,6,2,NA,4,9,3,5,8,"http://elections.huffingtonpost.com/pollster/polls/abc-post-21520",NA,"Nonpartisan","None",3,"4","Thursday","12","December",4,"2014"
"237","FOX",2014-12-07,2014-12-09,2014-12-17 04:31:55,392,"Registered Voters - Republican","Live Phone",NA,5,4,6,2,10,8,NA,NA,NA,8,1,NA,2,8,1,7,8,"http://elections.huffingtonpost.com/pollster/polls/fox-21521",NA,"Nonpartisan","None",2,"0","Sunday","12","December",4,"2014"
"238","McClatchy/Marist",2014-12-03,2014-12-09,2014-12-16 22:23:42,360,"Registered Voters - Republican","Live Phone",NA,4,3,8,2,14,9,1,NA,NA,9,1,NA,4,5,3,3,13,"http://elections.huffingtonpost.com/pollster/polls/mcclatchy-marist-21519",NA,"Nonpartisan","None",6,"3","Wednesday","12","December",4,"2014"
"239","CNN",2014-11-21,2014-11-23,2014-12-03 18:29:51,510,"Adults - Republican","Live Phone",NA,5,3,10,2,9,8,NA,NA,NA,7,1,NA,4,6,2,5,5,"http://elections.huffingtonpost.com/pollster/polls/cnn-21482",NA,"Nonpartisan","None",2,"5","Friday","11","November",4,"2014"
"240","Quinnipiac",2014-11-18,2014-11-23,2014-12-03 17:55:56,707,"Registered Voters - Republican","Live Phone",NA,5,2,8,2,11,8,NA,NA,NA,5,2,NA,2,6,1,5,17,"http://elections.huffingtonpost.com/pollster/polls/quinnipiac-21481",NA,"Nonpartisan","None",5,"2","Tuesday","11","November",4,"2014"
"241","ABC/Post",2014-10-09,2014-10-12,2014-10-15 11:45:34,NA,"Registered Voters - Republican","Live Phone",NA,3,6,6,1,10,8,NA,NA,NA,10,1,NA,5,9,4,1,8,"http://elections.huffingtonpost.com/pollster/polls/abc-post-20885",NA,"Nonpartisan","None",3,"4","Thursday","10","October",4,"2014"
"242","McClatchy/Marist",2014-08-04,2014-08-07,2014-08-14 15:54:28,342,"Registered Voters - Republican","Live Phone",NA,10,9,NA,NA,13,13,NA,NA,NA,NA,2,NA,7,7,3,4,23,"http://elections.huffingtonpost.com/pollster/polls/mcclatchy-marist-20111",NA,"Nonpartisan","None",3,"1","Monday","08","August",3,"2014"
"243","FOX",2014-07-20,2014-07-22,2014-07-29 15:30:55,358,"Registered Voters - Republican","Live Phone",NA,9,9,NA,2,12,10,NA,NA,NA,NA,4,NA,12,11,3,4,6,"http://elections.huffingtonpost.com/pollster/polls/fox-19979",NA,"Nonpartisan","None",2,"0","Sunday","07","July",3,"2014"
"244","CNN",2014-07-18,2014-07-20,2014-07-28 18:06:10,470,"Adults - Republican","Live Phone",NA,8,6,NA,NA,8,13,NA,NA,NA,12,NA,NA,11,12,3,5,5,"http://elections.huffingtonpost.com/pollster/polls/cnn-19958",NA,"Nonpartisan","None",2,"5","Friday","07","July",3,"2014"
"245","Quinnipiac",2014-06-24,2014-06-30,2014-07-08 15:18:21,620,"Registered Voters - Republican","Live Phone",NA,8,6,NA,2,10,10,NA,NA,NA,10,1,NA,3,11,2,8,22,"http://elections.huffingtonpost.com/pollster/polls/quinnipiac-19810",NA,"Nonpartisan","None",6,"2","Tuesday","06","June",2,"2014"
"246","Zogby (Internet)",2014-06-27,2014-06-29,2014-07-10 14:53:18,282,"Likely Voters - Republican","Internet",NA,NA,7,NA,1,13,13,NA,NA,NA,NA,4,NA,NA,20,NA,8,NA,"http://elections.huffingtonpost.com/pollster/polls/zogby-internet-19825",NA,"Nonpartisan","None",2,"5","Friday","06","June",2,"2014"
"247","CNN",2014-05-29,2014-06-01,2014-06-16 16:08:56,452,"Adults - Republican","Live Phone",NA,9,8,NA,NA,12,8,NA,NA,NA,11,NA,NA,6,14,4,5,7,"http://elections.huffingtonpost.com/pollster/polls/cnn-19676",NA,"Nonpartisan","None",3,"4","Thursday","05","May",2,"2014"
"248","CNN",2014-05-02,2014-05-04,2014-05-06 14:41:15,473,"Adults - Republican","Live Phone",NA,7,6,NA,NA,13,9,NA,NA,NA,10,NA,NA,8,13,2,7,11,"http://elections.huffingtonpost.com/pollster/polls/cnn-19385",NA,"Nonpartisan","None",2,"5","Friday","05","May",2,"2014"
"249","ABC/Post",2014-04-24,2014-04-27,2014-04-29 10:34:08,NA,"Registered Voters - Republican","Live Phone",NA,7,6,NA,1,12,9,NA,NA,NA,14,2,NA,5,15,NA,5,9,"http://elections.huffingtonpost.com/pollster/polls/abc-post-19341",NA,"Nonpartisan","None",3,"4","Thursday","04","April",2,"2014"
"250","FOX",2014-04-13,2014-04-15,2014-04-17 14:27:44,384,"Registered Voters - Republican","Live Phone",NA,7,8,NA,NA,14,15,NA,NA,NA,NA,2,NA,5,14,5,5,9,"http://elections.huffingtonpost.com/pollster/polls/fox-19256",NA,"Nonpartisan","None",2,"0","Sunday","04","April",2,"2014"
"251","McClatchy/Marist",2014-04-07,2014-04-10,2014-04-15 20:58:53,416,"Registered Voters - Republican","Live Phone",NA,4,7,NA,0,13,12,NA,NA,NA,13,4,NA,3,12,3,5,14,"http://elections.huffingtonpost.com/pollster/polls/mcclatchy-marist-19249",NA,"Nonpartisan","None",3,"1","Monday","04","April",2,"2014"
"252","Reason/Rupe",2014-03-26,2014-03-30,2014-04-03 15:31:19,NA,"Adults - Republican","Live Phone",NA,6,6,NA,NA,11,10,NA,NA,NA,15,1,NA,NA,11,NA,5,24,"http://elections.huffingtonpost.com/pollster/polls/reason-rupe-19173",NA,"Nonpartisan","None",4,"3","Wednesday","03","March",1,"2014"
"253","Wilson Perkins Allen Opinion Research (R)",2014-03-18,2014-03-20,2014-04-02 15:54:27,801,"Adults - Republican","Live Phone",NA,9,6,NA,NA,11,9,NA,NA,NA,13,3,NA,1,13,3,5,20,"http://elections.huffingtonpost.com/pollster/polls/wilson-perkins-allen-opinion-research-r-19164",NA,"Pollster","Rep",2,"2","Tuesday","03","March",1,"2014"
"254","CNN",2014-03-07,2014-03-09,2014-03-19 15:14:56,367,"Adults - Republican","Live Phone",NA,8,5,NA,NA,9,8,NA,NA,NA,10,NA,NA,11,16,3,NA,9,"http://elections.huffingtonpost.com/pollster/polls/cnn-19073",NA,"Nonpartisan","None",2,"5","Friday","03","March",1,"2014"
"255","PPP (D)",2014-03-06,2014-03-09,2014-03-14 16:16:21,542,"Likely Voters - Republican","Automated Phone",NA,11,6,NA,NA,15,14,NA,NA,NA,18,4,NA,NA,14,NA,5,9,"http://elections.huffingtonpost.com/pollster/polls/ppp-d-19043",NA,"Pollster","Dem",3,"4","Thursday","03","March",1,"2014"
"256","McClatchy/Marist",2014-02-04,2014-02-09,2014-02-11 21:03:53,403,"Registered Voters - Republican","Live Phone",NA,5,12,NA,1,8,13,NA,NA,NA,13,NA,NA,2,9,2,7,12,"http://elections.huffingtonpost.com/pollster/polls/mcclatchy-marist-18838",NA,"Nonpartisan","None",5,"2","Tuesday","02","February",1,"2014"
"257","CNN",2014-01-31,2014-02-02,2014-02-04 15:44:53,428,"Adults - Republican","Live Phone",NA,8,9,NA,NA,10,10,NA,NA,NA,14,NA,NA,8,13,4,NA,7,"http://elections.huffingtonpost.com/pollster/polls/cnn-18783",NA,"Nonpartisan","None",2,"5","Friday","01","January",1,"2014"
"258","PPP (D)",2014-01-23,2014-01-26,2014-01-29 17:01:44,457,"Likely Voters - Republican","Automated Phone",NA,8,8,NA,NA,14,13,NA,NA,NA,16,5,NA,NA,11,NA,6,10,"http://elections.huffingtonpost.com/pollster/polls/ppp-d-18741",NA,"Pollster","Dem",3,"4","Thursday","01","January",1,"2014"
"259","ABC/Post",2014-01-20,2014-01-23,2014-01-30 16:35:35,NA,"Registered Voters - Republican","Live Phone",NA,12,10,NA,NA,18,13,NA,NA,NA,NA,NA,NA,NA,11,NA,NA,14,"http://elections.huffingtonpost.com/pollster/polls/abc-post-18754",NA,"Nonpartisan","None",3,"1","Monday","01","January",1,"2014"
"260","Quinnipiac",2014-01-15,2014-01-19,2014-01-21 19:08:29,813,"Registered Voters - Republican","Live Phone",NA,9,8,NA,2,11,12,NA,NA,NA,NA,3,NA,NA,13,NA,6,23,"http://elections.huffingtonpost.com/pollster/polls/quinnipiac-18703",NA,"Nonpartisan","None",4,"3","Wednesday","01","January",1,"2014"
"261","NBC/Marist",2014-01-12,2014-01-14,2014-01-16 16:58:47,385,"Registered Voters - Republican","Live Phone",NA,5,7,NA,NA,8,16,NA,NA,NA,NA,3,NA,6,9,5,4,25,"http://elections.huffingtonpost.com/pollster/polls/nbc-marist-18679",NA,"Nonpartisan","None",2,"0","Sunday","01","January",1,"2014"
"262","YouGov/Economist",2014-01-11,2014-01-13,2014-01-16 17:36:06,210,"Adults - Republican","Internet",NA,8,12,NA,NA,14,18,NA,NA,NA,16,NA,NA,NA,6,NA,5,10,"http://elections.huffingtonpost.com/pollster/polls/yougov-economist-18681",NA,"Nonpartisan","None",2,"6","Saturday","01","January",1,"2014"
"263","FOX",2013-12-14,2013-12-16,2013-12-18 23:35:41,376,"Registered Voters - Republican","Live Phone",NA,12,8,NA,NA,12,16,NA,NA,NA,NA,NA,NA,3,11,3,6,11,"http://elections.huffingtonpost.com/pollster/polls/fox-18575",NA,"Nonpartisan","None",2,"6","Saturday","12","December",4,"2013"
"264","YouGov/Economist",2013-12-14,2013-12-16,2013-12-18 21:13:07,274,"Adults - Republican","Internet",NA,7,6,NA,NA,7,18,NA,NA,NA,13,NA,NA,NA,13,NA,7,15,"http://elections.huffingtonpost.com/pollster/polls/yougov-economist-18573",NA,"Nonpartisan","None",2,"6","Saturday","12","December",4,"2013"
"265","PPP (D)",2013-12-12,2013-12-15,2013-12-18 19:09:04,600,"Likely Voters - Republican","Automated Phone",NA,14,7,NA,NA,10,19,NA,NA,NA,13,3,NA,NA,11,NA,4,10,"http://elections.huffingtonpost.com/pollster/polls/ppp-d-18568",NA,"Pollster","Dem",3,"4","Thursday","12","December",4,"2013"
"266","Quinnipiac",2013-12-03,2013-12-09,2013-12-11 23:45:55,1182,"Registered Voters - Republican","Live Phone",NA,13,7,NA,2,11,17,NA,NA,NA,NA,3,NA,NA,14,NA,5,18,"http://elections.huffingtonpost.com/pollster/polls/quinnipiac-18519",NA,"Nonpartisan","None",6,"2","Tuesday","12","December",4,"2013"
"267","McClatchy/Marist",2013-12-03,2013-12-05,2013-12-13 20:40:55,419,"Registered Voters - Republican","Live Phone",NA,10,7,NA,NA,10,18,NA,NA,NA,NA,NA,NA,3,12,4,4,13,"http://elections.huffingtonpost.com/pollster/polls/mcclatchy-marist-18533",NA,"Nonpartisan","None",2,"2","Tuesday","12","December",4,"2013"
"268","CNN",2013-11-18,2013-11-20,2013-12-02 23:40:55,418,"Adults - Republican","Live Phone",NA,10,9,NA,NA,6,24,NA,NA,NA,NA,NA,NA,7,13,6,NA,8,"http://elections.huffingtonpost.com/pollster/polls/cnn-18475",NA,"Nonpartisan","None",2,"1","Monday","11","November",4,"2013"
"269","PPP (D)",2013-10-29,2013-10-31,2013-11-05 19:40:43,629,"Likely Voters - Republican","Automated Phone",NA,14,9,NA,NA,12,15,NA,NA,NA,NA,5,NA,NA,13,4,NA,12,"http://elections.huffingtonpost.com/pollster/polls/ppp-d-18368",NA,"Pollster","Dem",2,"2","Tuesday","10","October",4,"2013"
"270","YouGov/Economist",2013-10-26,2013-10-28,2013-10-30 22:37:44,221,"Adults - Republican","Internet",NA,12,4,NA,NA,4,20,NA,NA,NA,NA,NA,NA,NA,7,NA,5,35,"http://elections.huffingtonpost.com/pollster/polls/yougov-economist-18325",NA,"Nonpartisan","None",2,"6","Saturday","10","October",4,"2013"
"271","YouGov",2013-10-19,2013-10-20,2013-12-13 20:17:20,228,"Adults - Republican","Internet",NA,16,13,NA,NA,12,11,NA,NA,NA,NA,NA,NA,NA,7,NA,NA,24,"http://elections.huffingtonpost.com/pollster/polls/yougov-18532",NA,"Nonpartisan","None",1,"6","Saturday","10","October",4,"2013"
"272","YouGov",2013-09-30,2013-10-01,2013-12-13 20:14:16,243,"Adults - Republican","Internet",NA,16,9,NA,NA,9,14,NA,NA,NA,NA,NA,NA,NA,13,NA,NA,25,"http://elections.huffingtonpost.com/pollster/polls/yougov-18531",NA,"Nonpartisan","None",1,"1","Monday","09","September",3,"2013"
"273","Quinnipiac",2013-09-23,2013-09-29,2013-10-02 17:17:47,576,"Registered Voters - Republican","Live Phone",NA,10,12,NA,NA,11,13,NA,NA,NA,NA,3,NA,NA,17,NA,4,20,"http://elections.huffingtonpost.com/pollster/polls/quinnipiac-18116",NA,"Nonpartisan","None",6,"1","Monday","09","September",3,"2013"
"274","PPP (D)",2013-09-25,2013-09-26,2013-09-27 16:12:20,743,"Likely Voters - Republican","Automated Phone",NA,20,10,NA,NA,11,14,NA,NA,NA,NA,4,NA,NA,17,3,3,9,"http://elections.huffingtonpost.com/pollster/polls/ppp-d-18088",NA,"Pollster","Dem",1,"3","Wednesday","09","September",3,"2013"
"275","CNN",2013-09-06,2013-09-08,2013-09-16 19:48:33,452,"Adults - Republican","Live Phone",NA,7,9,NA,NA,10,17,NA,NA,NA,NA,NA,NA,6,13,5,NA,10,"http://elections.huffingtonpost.com/pollster/polls/cnn-17953",NA,"Nonpartisan","None",2,"5","Friday","09","September",3,"2013"
"276","Rasmussen",2013-08-01,2013-08-02,2013-08-07 15:08:32,330,"Likely Voters - Republican","Automated Phone",NA,NA,18,NA,NA,16,21,NA,NA,NA,NA,NA,NA,NA,15,NA,6,8,"http://elections.huffingtonpost.com/pollster/polls/rasmussen-17784",NA,"Nonpartisan","None",1,"4","Thursday","08","August",3,"2013"
"277","PPP (D)",2013-07-19,2013-07-21,2013-07-26 20:22:53,500,"Likely Voters - Republican","Automated Phone",NA,12,10,NA,NA,13,13,NA,NA,NA,NA,4,NA,NA,16,4,NA,13,"http://elections.huffingtonpost.com/pollster/polls/ppp-d-17738",NA,"Pollster","Dem",2,"5","Friday","07","July",3,"2013"
"278","McClatchy/Marist",2013-07-15,2013-07-18,2013-07-26 19:50:20,357,"Registered Voters - Republican","Live Phone",NA,7,12,NA,NA,10,15,NA,NA,NA,NA,1,NA,4,9,2,2,25,"http://elections.huffingtonpost.com/pollster/polls/mcclatchy-marist-17737",NA,"Nonpartisan","None",3,"1","Monday","07","July",3,"2013"
"279","YouGov/Economist",2013-07-13,2013-07-15,2013-07-17 18:54:51,270,"Adults - Republican","Internet",NA,NA,8,NA,NA,12,11,NA,NA,NA,NA,2,NA,5,12,4,2,24,"http://elections.huffingtonpost.com/pollster/polls/yougov-economist-17693",NA,"Nonpartisan","None",2,"6","Saturday","07","July",3,"2013"
"280","YouGov/Economist",2013-07-06,2013-07-08,2013-07-10 18:12:55,253,"Adults - Republican","Internet",NA,NA,12,NA,NA,9,8,NA,NA,NA,NA,5,NA,NA,12,4,NA,NA,"http://elections.huffingtonpost.com/pollster/polls/yougov-economist-17651",NA,"Nonpartisan","None",2,"6","Saturday","07","July",3,"2013"
"281","YouGov/Economist",2013-06-29,2013-07-01,2013-07-03 18:06:01,257,"Adults - Republican","Internet",NA,NA,10,NA,NA,11,9,NA,NA,NA,NA,4,NA,NA,12,6,NA,26,"http://elections.huffingtonpost.com/pollster/polls/yougov-economist-17634",NA,"Nonpartisan","None",2,"6","Saturday","06","June",2,"2013"
"282","YouGov/Economist",2013-06-22,2013-06-24,2013-06-26 20:29:28,248,"Adults - Republican","Internet",NA,NA,14,NA,NA,9,11,NA,NA,NA,NA,1,NA,NA,11,4,NA,32,"http://elections.huffingtonpost.com/pollster/polls/yougov-economist-17606",NA,"Nonpartisan","None",2,"6","Saturday","06","June",2,"2013"
"283","YouGov/Economist",2013-06-15,2013-06-17,2013-06-19 18:35:43,262,"Adults - Republican","Internet",NA,NA,11,NA,NA,9,13,NA,NA,NA,NA,2,NA,NA,16,3,NA,28,"http://elections.huffingtonpost.com/pollster/polls/yougov-economist-17574",NA,"Nonpartisan","None",2,"6","Saturday","06","June",2,"2013"
"284","YouGov/Economist",2013-06-08,2013-06-10,2013-06-12 17:30:15,264,"Adults - Republican","Internet",NA,NA,9,NA,NA,7,12,NA,NA,NA,NA,1,NA,NA,13,4,NA,33,"http://elections.huffingtonpost.com/pollster/polls/yougov-economist-17529",NA,"Nonpartisan","None",2,"6","Saturday","06","June",2,"2013"
"285","YouGov/Economist",2013-06-01,2013-06-03,2013-06-05 17:30:05,246,"Adults - Republican","Internet",NA,NA,9,NA,NA,8,9,NA,NA,NA,NA,3,NA,NA,13,1,NA,31,"http://elections.huffingtonpost.com/pollster/polls/yougov-economist-17491",NA,"Nonpartisan","None",2,"6","Saturday","06","June",2,"2013"
"286","PPP (D)",2013-05-06,2013-05-09,2013-05-15 16:18:48,806,"Likely Voters - Republican","Automated Phone",NA,7,16,NA,NA,15,15,NA,NA,NA,NA,3,NA,NA,14,5,NA,15,"http://elections.huffingtonpost.com/pollster/polls/ppp-d-17399",NA,"Pollster","Dem",3,"1","Monday","05","May",2,"2013"
"287","Quinnipiac",2013-03-26,2013-04-01,2013-04-03 12:38:02,712,"Registered Voters - Republican","Live Phone",NA,NA,19,NA,NA,10,14,NA,NA,NA,NA,3,NA,NA,15,NA,2,18,"http://elections.huffingtonpost.com/pollster/polls/quinnipiac-17216",NA,"Nonpartisan","None",6,"2","Tuesday","03","March",1,"2013"
"288","PPP (D)",2013-03-27,2013-03-30,2013-04-04 16:22:12,1125,"Likely Voters - Republican","Automated Phone",NA,NA,21,NA,NA,12,15,NA,NA,NA,NA,4,NA,2,17,5,NA,10,"http://elections.huffingtonpost.com/pollster/polls/ppp-d-17222",NA,"Pollster","Dem",3,"3","Wednesday","03","March",1,"2013"
"289","YouGov/Economist",2013-02-23,2013-02-25,2013-02-27 18:13:26,245,"Adults - Republican","Internet",NA,NA,17,NA,NA,9,12,NA,NA,NA,NA,1,NA,1,4,2,NA,24,"http://elections.huffingtonpost.com/pollster/polls/yougov-economist-17087",NA,"Nonpartisan","None",2,"6","Saturday","02","February",1,"2013"
"290","YouGov/Economist",2013-02-16,2013-02-18,2013-02-22 16:49:10,201,"Adults - Republican","Internet",NA,NA,19,NA,NA,3,12,NA,NA,NA,NA,2,NA,2,4,1,NA,35,"http://elections.huffingtonpost.com/pollster/polls/yougov-economist-17064",NA,"Nonpartisan","None",2,"6","Saturday","02","February",1,"2013"
"291","PPP (D)",2013-01-31,2013-02-03,2013-02-07 20:34:59,508,"Likely Voters - Republican","Automated Phone",NA,NA,22,NA,NA,13,13,NA,NA,NA,11,4,NA,3,10,NA,NA,8,"http://elections.huffingtonpost.com/pollster/polls/ppp-d-16996",NA,"Pollster","Dem",3,"4","Thursday","01","January",1,"2013"
"292","PPP (D)",2013-01-31,2013-02-03,2014-03-24 20:23:45,508,"Likely Voters - Republican","Automated Phone",NA,NA,22,NA,NA,13,13,NA,NA,NA,11,4,NA,3,10,NA,NA,8,"http://elections.huffingtonpost.com/pollster/polls/ppp-d-19115",NA,"Pollster","Dem",3,"4","Thursday","01","January",1,"2013"
"293","YouGov/Economist",2013-01-19,2013-01-21,2013-02-01 18:34:41,253,"Adults - Republican","Internet",NA,NA,22,NA,NA,7,9,NA,NA,NA,NA,1,NA,2,3,7,NA,29,"http://elections.huffingtonpost.com/pollster/polls/yougov-economist-16964",NA,"Nonpartisan","None",2,"6","Saturday","01","January",1,"2013"
"294","YouGov/Economist",2013-01-12,2013-01-14,2013-02-01 17:14:07,273,"Adults - Republican","Internet",NA,NA,16,NA,NA,6,11,NA,NA,NA,NA,3,NA,2,3,4,NA,30,"http://elections.huffingtonpost.com/pollster/polls/yougov-economist-16963",NA,"Nonpartisan","None",2,"6","Saturday","01","January",1,"2013"
"295","PPP (D)",2013-01-03,2013-01-06,2013-01-08 12:08:17,563,"Likely Voters - Republican","Automated Phone",NA,NA,21,NA,NA,14,14,NA,NA,NA,15,3,NA,2,5,NA,NA,7,"http://elections.huffingtonpost.com/pollster/polls/ppp-d-16866",NA,"Pollster","Dem",3,"4","Thursday","01","January",1,"2013"
"296","PPP (D)",2012-11-30,2012-12-02,2012-12-06 16:31:37,475,"Registered Voters - Republican","Automated Phone",NA,NA,18,NA,NA,12,14,NA,NA,NA,11,NA,NA,NA,7,4,NA,7,"http://elections.huffingtonpost.com/pollster/polls/ppp-d-16784",NA,"Pollster","Dem",2,"5","Friday","11","November",4,"2012"
